,date,text
0,Wed Dec 23 11:18:58 +0000 2020,"15 stycznia â€“ ruszajÄ… zapisy na szczepienia przeciwko #COVID; zapowiedziaÅ‚ @a_niedzielski; @MZ_GOV_PL; #kwarantanna; #koronawirus; #szczepionka; #COVID19  
https://t.co/p0qNPsQ1xd"
1,Wed Dec 23 11:18:58 +0000 2020,"15 stycznia â€“ ruszajÄ… zapisy na szczepienia przeciwko #COVID; zapowiedziaÅ‚ @a_niedzielski; @MZ_GOV_PL; #kwarantanna; #koronawirus; #szczepionka; #COVID19  
https://t.co/p0qNPsQ1xd"
2,Wed Dec 23 08:02:08 +0000 2020,W @jsw_sa odnotowano dziÅ› 2 nowe przypadki zaraÅ¼enia #koronawirus.em: 1 w #kopalnia #PniÃ³wek i 1 w #Ruch Borynia. Od poczÄ…tku #epidemia zainfekowanych zostaÅ‚o 4589 pracownikÃ³w #JSW; wyzdrowiaÅ‚o 4548 osÃ³b. Na #kwarantanna przebywa 75 osÃ³b.
3,Wed Dec 23 05:44:45 +0000 2020,"MÃ³wiÄ™ koledze; Å¼e jak wrÃ³cÄ™ z Niemiec samolotem po 28.12 to czeka mnie 10 dni domowej kwarantanny. SÅ‚yszÄ™ taki tekst: 
- Nie martw siÄ™. Mandela w izolacji spÄ™dziÅ‚ 27 lat; z czego 18 na wyspie. Assange przebywaÅ‚ 7 lat w ambasadzie Ekwadoru. 
#kwarantanna"
4,Tue Dec 22 23:26:25 +0000 2020,#kwarantanna dzieÅ„ 14 https://t.co/x4iXicA6Hp
5,Tue Dec 22 23:25:18 +0000 2020,"W zwiÄ…zku z #kwarantanna oraz zbliÅ¼ajÄ…cymi siÄ™ Å›wiÄ™tami wydaÅ‚am dziÅ› #narodowerozporzÄ…dzenie â˜ï¸ skierowane do domownikÃ³w:
poniedziaÅ‚ek #narodowesprzÄ…tanie
wtorek #narodowewypieki
Å›roda #narodowegotowanie
czwartek #narodowespoÅ¼ywanie
NajwaÅ¼niejsza jest organizacja #narodowa ğŸ˜œ"
6,Tue Dec 22 23:20:22 +0000 2020,@AgnieszkaO2GA Ta #kwarantanna oznacza Å¼e osoba jej poddana oraz domownicy nie mogÄ… przez okreÅ›lony czas opuszczaÄ‡ domu? Bo jakoÅ› tam siÄ™ juÅ¼ zgubiÅ‚em
7,Tue Dec 22 23:07:38 +0000 2020,"#kwarantanna dzieÅ„ 13 nastÄ…piÅ‚ wÅ‚aÅ›nie
NauczyÅ‚am siÄ™ machaÄ‡ z okna jak krÃ³lowa angielska ğŸ™ˆ ğŸ˜†"
8,Tue Dec 22 16:30:08 +0000 2020,#Pandemia zÂ kapustÄ… iÂ grzybami https://t.co/JClxkqvcSf I #2020 #BoÅ¼eNarodzenie #COVID #Kwarantanna #Rodzina #RytuaÅ‚ #ÅšwiÄ™ta #Wigilia https://t.co/aEfVGP3weK
9,Tue Dec 22 15:49:11 +0000 2020,"UWAGAâ€¼
Bardzo waÅ¼ne oÅ›wiadczenie Polskiego Towarzystwa Psychiatrycznego... â¤µï¸ ğŸ¤£ğŸ¤£ğŸ¤£
#Covid #pandemia #kwarantanna https://t.co/nnD0dYiLgW"
10,Tue Dec 22 15:28:39 +0000 2020,O tym co konkretnie oznaczaÄ‡ dla nas bÄ™dzie wprowadzana od 28 grudnia #kwarantannanarodowa informujÄ… dziÅ› na blogu #HaloPrawo nasi eksperci prawni ğŸ“âš–ï¸ğŸ‘‰https://t.co/ydCWJJdxCz #prawo #prawniknatelefon #przepisyprawa #poradyprawne #kwarantanna #obostrzenia #COVID19 #Sylwester https://t.co/XamsvZQ1Eu
11,Tue Dec 22 13:33:03 +0000 2020,@Backyardbadboy @Monika_Lind ğŸ™ˆ ğŸ™ˆ ğŸ™ˆ ğŸ™ˆ #kwarantanna dzieÅ„ 12 chcesz mnie zabiÄ‡? ğŸ¤” ğŸ˜†
12,Tue Dec 22 11:14:47 +0000 2020,Dworczyk poinformowaÅ‚ dlaczego kasyna bÄ™dÄ… otwarte. To zmienia postaÄ‡ rzeczy! #kasyna #koÅ›cioÅ‚y #kwarantanna https://t.co/7qnmxNPr4l
13,Tue Dec 22 10:55:08 +0000 2020,"""Warto przytoczyÄ‡ ten podstawowy prawny; prawniczy argument. Nie moÅ¼e prawo wtÃ³rne omijaÄ‡ prawa pierwotnego. To tak jakby nad KonstytucjÄ… polskÄ… postawiÄ‡ jakÄ…Å› ustawÄ™ albo postawiÄ‡ jakieÅ› rozporzÄ…dzenie. Tego u nas w porzÄ…dku prawnym nie przewidujemy"" M.Morawiecki
#kwarantanna"
14,Tue Dec 22 09:18:59 +0000 2020,"#koronawirus #koronawiruspolska #koronawiruswpolsce #covid19 lub #covid20
GW:
""Horban o Polakach wracajÄ…cych z UK: Trwa dyskusja; czy nie zrobiÄ‡ #kwarantanna tym biedakom""
ğŸ˜
Potrzebujecie tÅ‚umacza?
Jeszcze czegoÅ› nie rozumiecie?
Jeszcze nie rozumiecie; Å¼e majÄ… z was bekÄ™? https://t.co/k0Po8dPF4j"
15,Tue Dec 22 08:58:35 +0000 2020,.@MSZ_RP apeluje o unikanie podrÃ³Å¼y zagranicznych; ktÃ³re nie sÄ… konieczne. #koronawirus #kwarantanna #COVIDãƒ¼19  https://t.co/tFjD0DB1Co
16,Tue Dec 22 07:49:18 +0000 2020,W @jsw_sa odnotowano dziÅ› 5 nowych przypadkÃ³w zaraÅ¼enia #koronawirus.em: 4 w #kopalnia #Budryk i 1 w #Ruch.u #Borynia. Od poczÄ…tku #epidemia zainfekowanych zostaÅ‚o 4587 pracownikÃ³w #JSW; wyzdrowiaÅ‚o 4546 osÃ³b. Na #kwarantanna przebywa 69 osÃ³b.
17,Tue Dec 22 06:44:59 +0000 2020,Brak kwarantanny dla studentÃ³w po powrocie z zagranicyğŸ˜ğŸ¥°ğŸ¥°ğŸ¥° #uff #kwarantanna https://t.co/HiktIXSry4
18,Tue Dec 22 06:19:09 +0000 2020,"Negatywny wynik testu na koronawirusa; dowÃ³d odpornoÅ›ci lub dowÃ³d szczepienia. Wszystko wskazuje na to; Å¼e od #stycznia wjazd do #Niemiec bez tych dokumentÃ³w bÄ™dzie niemoÅ¼liwy.

https://t.co/ttm7AzKpyI

#Corona #Niemcy #Kwarantanna #Test #WjazdDoNiemiec"
19,Mon Dec 21 22:14:16 +0000 2020,"DostaÅ‚am 20 dniowÄ… kwarantanne. Do koÅ„ca pozostaÅ‚o 14 dni
#kwarantanna"
20,Mon Dec 21 21:31:28 +0000 2020,@Ika_SS6 ğŸ˜‚ğŸ˜‚ğŸ˜‚ğŸ˜‚ğŸ˜‚ #kwarantanna dzieÅ„ 11
21,Mon Dec 21 21:07:33 +0000 2020,@a81_biel #kwarantanna dzieÅ„ 11 wiÄ™c chÄ™tnych nie brakuje do pomocy ğŸ˜† z nudÃ³w szukajÄ… zajÄ™cia wiÄ™c im pomogÅ‚am ğŸ˜œ
22,Mon Dec 21 20:37:10 +0000 2020,@PistoleroK @SimonTemplarTS ğŸ˜‚ğŸ˜‚ğŸ˜‚ğŸ˜‚ğŸ˜‚ Uwierz siedzimy #kwarantanna dzieÅ„ 11 kaÅ¼dy szuka zajÄ™cia
23,Mon Dec 21 17:38:45 +0000 2020,"W zwiÄ…zku z #kwarantanna oraz zbliÅ¼ajÄ…cymi siÄ™ Å›wiÄ™tami wydaÅ‚am dziÅ› #narodowerozporzÄ…dzenie â˜ï¸ skierowane do domownikÃ³w:
poniedziaÅ‚ek #narodowesprzÄ…tanie
wtorek #narodowewypieki
Å›roda #narodowegotowanie
czwartek #narodowespoÅ¼ywanie
NajwaÅ¼niejsza jest organizacja #narodowa ğŸ˜œ"
24,Mon Dec 21 17:26:18 +0000 2020,".@PanoramaTvp2 | Zawieszanie lotÃ³w; #kwarantanna; testy;  zamykanie granic - kolejne kraje reagujÄ… na informacje o mutacji #koronawirus.a; ktÃ³ra pojawiÅ‚a siÄ™ na ğŸ‡¬ğŸ‡§Wyspach Brytyjskich. 

âœˆï¸Ostatnie loty stamtÄ…d do Polski bÄ™dÄ… przyjmowane do pÃ³Å‚nocy.ğŸ•›
https://t.co/s626vdfdW9"
25,Mon Dec 21 14:28:03 +0000 2020,"W zwiÄ…zku z #kwarantanna oraz zbliÅ¼ajÄ…cymi siÄ™ Å›wiÄ™tami wydaÅ‚am dziÅ› #narodowerozporzÄ…dzenie â˜ï¸ skierowane do domownikÃ³w:
poniedziaÅ‚ek #narodowesprzÄ…tanie
wtorek #narodowewypieki
Å›roda #narodowegotowanie
czwartek #narodowespoÅ¼ywanie
NajwaÅ¼niejsza jest organizacja #narodowa ğŸ˜œ"
26,Mon Dec 21 12:40:14 +0000 2020,"WciÄ…Å¼ wielu PolakÃ³w w Holandii szykuje siÄ™ do wyjazdu na ÅšwiÄ™ta do Polski. A ci w kraju - do odwiedzin znajomych w Holandii. DostaliÅ›my wiele pytaÅ„ o kwarantannÄ™ i tranzyt przez #Niemcy. Odpowiadamy na pytania czytelnikÃ³w
#swieta2020 
#kwarantanna #COVID
https://t.co/oHOBgFSyKq"
27,Mon Dec 21 12:34:52 +0000 2020,"WciÄ…Å¼ wielu PolakÃ³w w Holandii szykuje siÄ™ do wyjazdu na ÅšwiÄ™ta do Polski. A ci w kraju - do odwiedzin znajomych w Holandii. DostaliÅ›my wiele pytaÅ„ o kwarantannÄ™ i tranzyt przez #Niemcy. Odpowiadamy na pytania czytelnikÃ³w
#swieta2020 
#kwarantanna #COVID
https://t.co/oHOBgFSyKq"
28,Mon Dec 21 12:03:40 +0000 2020,"Rzecznik rzÄ…du @PiotrMuller: Nie planujemy wprowadzania #kwarantanna dla przybywajÄ…cych do Polski z #UE #COVID19 #koronawirus #SARS_CoV_2

https://t.co/kT0mpanm3p"
29,Mon Dec 21 10:47:39 +0000 2020,Czy powstanie Narodowy Centralny Rejestr OsÃ³b PrzybyÅ‚ych z Wielkiej Brytanii? #koronawirus #KoronawirusWPolsce #koronawiruspolska #zajob #kwarantannanarodowa #kwarantanna
30,Mon Dec 21 09:58:52 +0000 2020,Po raz pierwszy w moim dorosÅ‚ym Å¼yciu mam gÅ‚Ä™bokie poczucie; Å¼e obecne paÅ„stwo nie jest moim paÅ„stwem; lecz paÅ„stwem obcym; wrogim; okupacyjnym. Smutne w chuj â˜¹ï¸ #zajob #koronawiruswpolsce #koronawirus #koronawiruspolska #kwarantannanarodowa #kwarantanna
31,Mon Dec 21 09:57:19 +0000 2020,"W zwiÄ…zku z #kwarantanna oraz zbliÅ¼ajÄ…cymi siÄ™ Å›wiÄ™tami wydaÅ‚am dziÅ› #narodowerozporzÄ…dzenie â˜ï¸ skierowane do domownikÃ³w:
poniedziaÅ‚ek #narodowesprzÄ…tanie
wtorek #narodowewypieki
Å›roda #narodowegotowanie
czwartek #narodowespoÅ¼ywanie
NajwaÅ¼niejsza jest organizacja #narodowa ğŸ˜œ"
32,Mon Dec 21 09:54:18 +0000 2020,Po raz pierwszy w moim dorosÅ‚ym Å¼yciu mam gÅ‚Ä™bokie poczucie; Å¼e obecne paÅ„stwo nie jest moim paÅ„stwem; lecz paÅ„stwem obcym; wrogim; okupacyjnym. Smutne w chuj â˜¹ï¸ #zajob #koronawiruswpolsce #koronawirus #koronawiruspolska #kwarantannanarodowa #kwarantanna
33,Mon Dec 21 07:32:18 +0000 2020,W @jsw_sa odnotowano dziÅ› 2 nowe przypadki zaraÅ¼enia #koronawirus.em - oba w #kopalnia #PniÃ³wek. Od poczÄ…tku #epidemia zainfekowanych zostaÅ‚o 4582 pracownikÃ³w #JSW; wyzdrowiaÅ‚y 4542 osoby. Na #kwarantanna przebywa dziÅ› 88 osÃ³b.
34,Mon Dec 21 06:28:02 +0000 2020,"Z OSTATNIEJ CHWILI:
#Kwarantanna narodowa. Sylwester i ""oferta"" od oszustÃ³w. Policja przestrzega"
35,Sun Dec 20 21:34:23 +0000 2020,@MucaLukas Dajesz do mnie ale musisz wiedzieÄ‡ Å¼e 24 grudnia koÅ„czÄ™ #kwarantanna ğŸ¤£
36,Sun Dec 20 21:28:30 +0000 2020,"Aaaaa i czwartek obejmuje #narodoweubieraniechoinki
z racji #kwarantanna
#narodowapasterka nie wchodzi w grÄ™ ğŸ™ˆ https://t.co/8yOKqLd9cH"
37,Sun Dec 20 21:26:36 +0000 2020,"W zwiÄ…zku z #kwarantanna oraz zbliÅ¼ajÄ…cymi siÄ™ Å›wiÄ™tami wydaÅ‚am dziÅ› #narodowerozporzÄ…dzenie â˜ï¸ skierowane do domownikÃ³w:
poniedziaÅ‚ek #narodowesprzÄ…tanie
wtorek #narodowewypieki
Å›roda #narodowegotowanie
czwartek #narodowespoÅ¼ywanie
NajwaÅ¼niejsza jest organizacja #narodowa ğŸ˜œ"
38,Sun Dec 20 20:48:07 +0000 2020,@m0n1c23k Mam czas #kwarantanna
39,Sun Dec 20 14:32:03 +0000 2020,ZamykajÄ… galerie handlowe; hotele i stoki; bo tam jest koronawirus. KoÅ›cioÅ‚y otwarte; bo tam koronawirusa nie ma. To nie kwarantanna narodowa; tylko wielka Å›ciema pod dyktando facetÃ³w w sukienkach! #Kwarantanna #KoÅ›ciÃ³Å‚ https://t.co/RP5sIWVx4O
40,Sun Dec 20 13:44:20 +0000 2020,"Narodowy Program SzczepieÅ„ i narodowa #kwarantanna - to tematy; ktÃ³re poruszyliÅ›my dziÅ› z opolskimi politykami; ktÃ³rzy przyjÄ™li zaproszenie do Niedzielnej LoÅ¼y Radiowej 
https://t.co/WbW9AHF2Q2 #szczepienia #koronawirus #pandemia #szczepionka https://t.co/71qPrt1wXr"
41,Sun Dec 20 12:01:57 +0000 2020,#Kupujlokalnie i #zamÃ³wnawynos. #Gastronomia zmierza do zaÅ‚amania; ze wzglÄ™du na #narodowakwarantanna. @Dziennik_N @artur_szczepek #kwarantanna #wynos #patriotyzmkonsumencki #patriotyzmekonomiczny #patriotyzmgospodarczy https://t.co/88LPL762aW
42,Sun Dec 20 11:34:41 +0000 2020,#Kupujlokalnie i #zamÃ³wnawynos. #Gastronomia zmierza do zaÅ‚amania; ze wzglÄ™du na #narodowakwarantanna. @Dziennik_N @artur_szczepek #kwarantanna #wynos #patriotyzmkonsumencki #patriotyzmekonomiczny #patriotyzmgospodarczy https://t.co/88LPL762aW
43,Sun Dec 20 11:09:45 +0000 2020,jeÅ¼eli wirus wstrzymuje pÃ³Å‚ Å›wiata i powoduje zgony porÃ³wnywalne do stanÃ³w z czasÃ³w wojny - to jaka musi nastÄ…piÄ‡ klÄ™ska by ogÅ‚oszony zostaÅ‚ stan klÄ™ski Å¼ywioÅ‚owej? #Morawiecki #KaczyÅ„ski #Covid_19 #kwarantanna
44,Sun Dec 20 10:35:53 +0000 2020,"Mam rozumieÄ‡; Å¼e w rzeczywistoÅ›ci jesteÅ›my na poziomie 70-75 tys zakaÅ¼eÅ„ dobowo? @PremierRP @MorawieckiM @AdamNiedzielsk4 @RCB_RP @PremierRP #obostrzenia #kwarantanna #koronawiruspolska #COVID19 

To sÄ… jakieÅ› jaja .. https://t.co/Njg3KnwxOk"
45,Sun Dec 20 08:22:34 +0000 2020,Projekt #RadaMinistrÃ³w przewiduje https://t.co/UU28enbLPk. zniesienie pewnych ograniczeÅ„ dla zaszczepionych i #ozdrowieÅ„cy; #kwarantanna po przekroczeniu granicy; zakazy dziaÅ‚alnoÅ›ci; w tym obsÅ‚ugi stokÃ³w narciarskich. https://t.co/1luoCKWW56
46,Sat Dec 19 23:13:50 +0000 2020,@Andruch_Polak Tak patrz jak idÄ™ #kwarantanna dzieÅ„ 9
47,Sat Dec 19 19:50:54 +0000 2020,Austria: od 26 grudnia trzecia kwarantanna z zakazem wychodzenia z domu #kwarantanna #koronawirus https://t.co/0DWFwLCbqp
48,Sat Dec 19 19:36:06 +0000 2020,"UWAGAâ€¼
Bardzo waÅ¼ne oÅ›wiadczenie Polskiego Towarzystwa Psychiatrycznego... â¤µï¸ ğŸ¤£ğŸ¤£ğŸ¤£
#Covid #pandemia #kwarantanna https://t.co/nnD0dYiLgW"
49,Sat Dec 19 16:50:49 +0000 2020,ZamykajÄ… galerie handlowe; hotele i stoki; bo tam jest koronawirus. KoÅ›cioÅ‚y otwarte; bo tam koronawirusa nie ma. To nie kwarantanna narodowa; tylko wielka Å›ciema pod dyktando facetÃ³w w sukienkach! #Kwarantanna #KoÅ›ciÃ³Å‚ https://t.co/RP5sIWVx4O
50,Sat Dec 19 16:11:30 +0000 2020,ZamykajÄ… galerie handlowe; hotele i stoki; bo tam jest koronawirus. KoÅ›cioÅ‚y otwarte; bo tam koronawirusa nie ma. To nie kwarantanna narodowa; tylko wielka Å›ciema pod dyktando facetÃ³w w sukienkach! #Kwarantanna #KoÅ›ciÃ³Å‚ https://t.co/RP5sIWVx4O
51,Sat Dec 19 16:07:32 +0000 2020,ZamykajÄ… galerie handlowe; hotele i stoki; bo tam jest koronawirus. KoÅ›cioÅ‚y otwarte; bo tam koronawirusa nie ma. To nie kwarantanna narodowa; tylko wielka Å›ciema pod dyktando facetÃ³w w sukienkach! #Kwarantanna #KoÅ›ciÃ³Å‚ https://t.co/RP5sIWVx4O
52,Sat Dec 19 16:06:50 +0000 2020,ZamykajÄ… galerie handlowe; hotele i stoki; bo tam jest koronawirus. KoÅ›cioÅ‚y otwarte; bo tam koronawirusa nie ma. To nie kwarantanna narodowa; tylko wielka Å›ciema pod dyktando facetÃ³w w sukienkach! #Kwarantanna #KoÅ›ciÃ³Å‚ https://t.co/RP5sIWVx4O
53,Sat Dec 19 16:04:55 +0000 2020,ZamykajÄ… galerie handlowe; hotele i stoki; bo tam jest koronawirus. KoÅ›cioÅ‚y otwarte; bo tam koronawirusa nie ma. To nie kwarantanna narodowa; tylko wielka Å›ciema pod dyktando facetÃ³w w sukienkach! #Kwarantanna #KoÅ›ciÃ³Å‚ https://t.co/RP5sIWVx4O
54,Sat Dec 19 15:49:35 +0000 2020,"Znalezione w sieci: https://t.co/vyfLMePK7F
#kwarantanna #heheszki"
55,Sat Dec 19 13:04:36 +0000 2020,Najpopularniejsze #imiona w 2021 to #Covidek #Kwarantanna #Narodek#ZakaÅ¼eÅ„  #Reasumpcja
56,Sat Dec 19 12:56:23 +0000 2020,"Zdrowie w dobie #kwarantanna 

Jak dla mnie super. SzczegÃ³lnie jak za oknem szaro buro i â€smogowoâ€ 

#ciekawe https://t.co/ASRSGdZH0n"
57,Sat Dec 19 11:38:31 +0000 2020,@a_niedzielski czy tam samo jak rzÄ…d Austrii wypÅ‚acÄ… paÅ„stwo wszystkim dotkniÄ™tym odszkodowania w wysokoÅ›ci 80% zeszÅ‚orocznych wynikÃ³w bez koniecznoÅ›ci udowadniania poniesionych strat? jeÅ¼eli nie; to proszÄ™ siÄ™ do Austrii nie porÃ³wnywaÄ‡ #kwarantanna
58,Sat Dec 19 09:03:36 +0000 2020,"Jak skrÃ³ciÄ‡ angielskÄ… kwarantannÄ™? 

â–ºâ–º https://t.co/0ereElBcjf 

#podrÃ³Å¼e #podrÃ³Å¼eDoUK #kwarantanna #kwarantannaUK #COVID19"
59,Sat Dec 19 08:47:58 +0000 2020,Trzeci dzieÅ„ #kwarantanna qrwa ğŸ‘
60,Sat Dec 19 08:47:00 +0000 2020,Od 28 grudnia ;;Zamykamy'' ; ;;Zamykamy'' ;;Zamykamy''  #kwarantannanarodowa #kwarantanna #wypieralaÄ‡ #Sylwester2020 #godzinapolicyjna #lockdown #narodowyprogramszczepien #wieszwiecej https://t.co/jKXOv5BGeL
61,Sat Dec 19 06:40:40 +0000 2020,Czy spoÅ‚eczeÅ„stwo zahukanych niewolnikÃ³w jest w stanie przeksztaÅ‚ciÄ‡ siÄ™ w walczÄ…cy o swoje prawa i swojÄ… godnoÅ›Ä‡ narÃ³d? Co musiaÅ‚oby siÄ™ staÄ‡; aby taki proces miaÅ‚ miejsce? #zajob #kwarantannanarodowa #kwarantanna #szczepionka #koronawiruspolska #godzinapolicyjna
62,Sat Dec 19 06:20:59 +0000 2020,ZamykajÄ… galerie handlowe; hotele i stoki; bo tam jest koronawirus. KoÅ›cioÅ‚y otwarte; bo tam koronawirusa nie ma. To nie kwarantanna narodowa; tylko wielka Å›ciema pod dyktando facetÃ³w w sukienkach! #Kwarantanna #KoÅ›ciÃ³Å‚ https://t.co/RP5sIWVx4O
63,Sat Dec 19 06:06:16 +0000 2020,ZamykajÄ… galerie handlowe; hotele i stoki; bo tam jest koronawirus. KoÅ›cioÅ‚y otwarte; bo tam koronawirusa nie ma. To nie kwarantanna narodowa; tylko wielka Å›ciema pod dyktando facetÃ³w w sukienkach! #Kwarantanna #KoÅ›ciÃ³Å‚ https://t.co/RP5sIWVx4O
64,Sat Dec 19 03:24:37 +0000 2020,"Teraz do 17 stycznia. A czemu nie do 18? Albo do 17 lutego? A moÅ¼e bÄ™dzie teÅ¼ inny patogen aktywny w lecie? 
To sÄ… precedensy z ktÃ³rych nie ma odwrotu.
O aborcje potraficie pruÄ‡ mordy; ale o takie bandyckie akcje ani sÅ‚owem. 
#kwarantanna #zamordyzm #haÅ„ba #paÅ„stwopolicyjne"
65,Sat Dec 19 03:19:07 +0000 2020,"Wchodzimy w etap zamordyzmu. 
Cofnijcie siÄ™ mentalnie o rok i zapytajcie samych siebie czy jakby ktoÅ› powiedziaÅ‚; Å¼e w Sylwestra bedziecie przymusowo gdzieÅ› nocowaÄ‡ albo przemykaÄ‡; ukrywajÄ…c siÄ™ przed patrolami to byÅ›cie uwierzyli.
#sylwester #kwarantanna #wsylwestra"
66,Sat Dec 19 01:27:24 +0000 2020,"Serdecznie niepozdrawiam  kancelarie vatowicza i wszystkie inne bezmÃ³zgie ministerstwa.
Pierdolcie siÄ™ na ryj.
#kwarantannanarodowa #kwarantanna  https://t.co/nEr52MlZId"
67,Sat Dec 19 00:41:20 +0000 2020,@BellaOneczko Do 24 grudnia kiblujemy wszyscy ğŸ˜† #kwarantanna
68,Fri Dec 18 23:14:51 +0000 2020,@darioo1379 @Lech_PLO Nagrywam nie przeszkadzaj ğŸ˜† #kwarantanna dzieÅ„ 9 https://t.co/hmPIQPDSjZ
69,Fri Dec 18 19:54:33 +0000 2020,ZamykajÄ… galerie handlowe; hotele i stoki; bo tam jest koronawirus. KoÅ›cioÅ‚y otwarte; bo tam koronawirusa nie ma. To nie kwarantanna narodowa; tylko wielka Å›ciema pod dyktando facetÃ³w w sukienkach! #Kwarantanna #KoÅ›ciÃ³Å‚ https://t.co/RP5sIWVx4O
70,Fri Dec 18 19:37:52 +0000 2020,"#Waldek proponuje wprowadziÄ‡ nowe Å›wiÄ™to narodowe: #piÄ…teczek... przy szklaneczce rumu i dobrym cygarze rzecz jasna.
#rum #cygaro i #kwarantanna jakaÅ› tam."
71,Fri Dec 18 19:20:22 +0000 2020,ZamykajÄ… galerie handlowe; hotele i stoki; bo tam jest koronawirus. KoÅ›cioÅ‚y otwarte; bo tam koronawirusa nie ma. To nie kwarantanna narodowa; tylko wielka Å›ciema pod dyktando facetÃ³w w sukienkach! #Kwarantanna #KoÅ›ciÃ³Å‚ https://t.co/RP5sIWVx4O
72,Fri Dec 18 18:32:54 +0000 2020,ZamykajÄ… galerie handlowe; hotele i stoki; bo tam jest koronawirus. KoÅ›cioÅ‚y otwarte; bo tam koronawirusa nie ma. To nie kwarantanna narodowa; tylko wielka Å›ciema pod dyktando facetÃ³w w sukienkach! #Kwarantanna #KoÅ›ciÃ³Å‚ https://t.co/RP5sIWVx4O
73,Fri Dec 18 18:32:30 +0000 2020,Narodowa kwarantanna od 28 grudnia do 17 stycznia a w Sylwestra zakaz przemieszczania siÄ™ ğŸ˜¡#goorsky #czarnyhumor #koronawirus #sylwester #narodowakwarantanna #kwarantanna https://t.co/GhwsdKX2XG
74,Fri Dec 18 17:46:51 +0000 2020,ZamykajÄ… galerie handlowe; hotele i stoki; bo tam jest koronawirus. KoÅ›cioÅ‚y otwarte; bo tam koronawirusa nie ma. To nie kwarantanna narodowa; tylko wielka Å›ciema pod dyktando facetÃ³w w sukienkach! #Kwarantanna #KoÅ›ciÃ³Å‚ https://t.co/RP5sIWVx4O
75,Fri Dec 18 17:21:28 +0000 2020,"W izolacji do 26.12; rodzina kwarantanna do 03.01.
CzujÄ™ siÄ™ w sumie dobrze; rodzina teÅ¼. Oby tak zostaÅ‚o!
Dbajcie o siebie! ğŸ˜·

#izolacja 
#kwarantanna 
#COVID19 https://t.co/R782oBrjWX"
76,Fri Dec 18 16:59:49 +0000 2020,@zelsta5312 DzieÅ„ Å›wistaka ğŸ˜œ #kwarantanna dzieÅ„ 8
77,Fri Dec 18 16:46:22 +0000 2020,ZamykajÄ… galerie handlowe; hotele i stoki; bo tam jest koronawirus. KoÅ›cioÅ‚y otwarte; bo tam koronawirusa nie ma. To nie kwarantanna narodowa; tylko wielka Å›ciema pod dyktando facetÃ³w w sukienkach! #Kwarantanna #KoÅ›ciÃ³Å‚ https://t.co/RP5sIWVx4O
78,Fri Dec 18 15:04:46 +0000 2020,"ja p....; jaka rÃ³Å¼nica jak to nazwali???????????
#kwarantanna #lockdown 

najwaÅ¼niejszy temat dnia!
(wreszcie mi siÄ™ ciÅ›nienie podniosÅ‚o)"
79,Fri Dec 18 14:56:46 +0000 2020,ZamykajÄ… galerie handlowe; hotele i stoki; bo tam jest koronawirus. KoÅ›cioÅ‚y otwarte; bo tam koronawirusa nie ma. To nie kwarantanna narodowa; tylko wielka Å›ciema pod dyktando facetÃ³w w sukienkach! #Kwarantanna #KoÅ›ciÃ³Å‚ https://t.co/RP5sIWVx4O
80,Fri Dec 18 14:55:35 +0000 2020,KoÅ›ciÃ³Å‚ nie jest sterylny i nie moÅ¼e byÄ‡ traktowany inaczej niÅ¼ pozostaÅ‚e obiekty. Na pierwszym miejscu musi byÄ‡ Å¼ycie i zdrowie ludzi; a nie interes biskupÃ³w. #Kwarantanna #Koronawirus #KoÅ›ciÃ³Å‚ https://t.co/koONn1rrTj
81,Fri Dec 18 14:53:03 +0000 2020,Interes kleru znÃ³w waÅ¼niejszy od Å¼ycia i zdrowia ludzi ğŸ¤¬ #Kwarantanna #KoÅ›ciÃ³Å‚ https://t.co/RZIS80e4ll
82,Fri Dec 18 14:51:14 +0000 2020,ZamykajÄ… galerie handlowe; hotele i stoki; bo tam jest koronawirus. KoÅ›cioÅ‚y otwarte; bo tam koronawirusa nie ma. To nie kwarantanna narodowa; tylko wielka Å›ciema pod dyktando facetÃ³w w sukienkach! #Kwarantanna #KoÅ›ciÃ³Å‚ https://t.co/RP5sIWVx4O
83,Fri Dec 18 14:42:36 +0000 2020,Godzina policyjna w #Sylwester2020. Prawnicy: To niezgodne z konstytucjÄ… #lockdown #kwarantanna https://t.co/6UFYmejepc
84,Fri Dec 18 14:12:44 +0000 2020,"RozwaÅ¼amy wprowadzenie dalej idÄ…cych restrykcji; rÃ³wnieÅ¼ dotyczÄ…cych przemieszania siÄ™; ale one wiÄ…Å¼Ä… siÄ™ z koniecznoÅ›ciÄ… wdroÅ¼enia nowej legislacji - powiedziaÅ‚ premier #Morawiecki w wywiadzie dla WP.

#koronawirus #kwarantanna #kwarantannaNarodowa
https://t.co/gLDaWKSDIb"
85,Fri Dec 18 14:12:09 +0000 2020,Od 28 grudnia do 17 stycznia na terenie #Polski.ğŸ‡µğŸ‡± obowiÄ…zywaÄ‡ ma kwarantanna narodowa. Wszystkich tych; ktÃ³rzy przekroczÄ… granicÄ™ paÅ„stwa przy pomocy transportu zorganizowanego ğŸšğŸšŒâœˆczeka 10-dniowa #kwarantanna. https://t.co/q4ta4pDauE
86,Fri Dec 18 13:59:23 +0000 2020,ZamykajÄ… galerie handlowe; hotele i stoki; bo tam jest koronawirus. KoÅ›cioÅ‚y otwarte; bo tam koronawirusa nie ma. To nie kwarantanna narodowa; tylko wielka Å›ciema pod dyktando facetÃ³w w sukienkach! #Kwarantanna #KoÅ›ciÃ³Å‚ https://t.co/RP5sIWVx4O
87,Fri Dec 18 13:49:54 +0000 2020,ZamykajÄ… galerie handlowe; hotele i stoki; bo tam jest koronawirus. KoÅ›cioÅ‚y otwarte; bo tam koronawirusa nie ma. To nie kwarantanna narodowa; tylko wielka Å›ciema pod dyktando facetÃ³w w sukienkach! #Kwarantanna #KoÅ›ciÃ³Å‚ https://t.co/RP5sIWVx4O
88,Fri Dec 18 13:44:06 +0000 2020,ZamykajÄ… galerie handlowe; hotele i stoki; bo tam jest koronawirus. KoÅ›cioÅ‚y otwarte; bo tam koronawirusa nie ma. To nie kwarantanna narodowa; tylko wielka Å›ciema pod dyktando facetÃ³w w sukienkach! #Kwarantanna #KoÅ›ciÃ³Å‚ https://t.co/RP5sIWVx4O
89,Fri Dec 18 13:40:02 +0000 2020,"Czy popierasz nowe restrykcje? ğŸš«
#kwarantanna #obostrzenia"
90,Fri Dec 18 13:27:57 +0000 2020,ZamykajÄ… galerie handlowe; hotele i stoki; bo tam jest koronawirus. KoÅ›cioÅ‚y otwarte; bo tam koronawirusa nie ma. To nie kwarantanna narodowa; tylko wielka Å›ciema pod dyktando facetÃ³w w sukienkach! #Kwarantanna #KoÅ›ciÃ³Å‚ https://t.co/RP5sIWVx4O
91,Fri Dec 18 13:11:22 +0000 2020,"JeÅ›li wiecie; Å¼e te caÅ‚kowicie nieracjonalne decyzje bÄ™dÄ… siÄ™ wiÄ…zaÄ‡ z wieloma ludzkimi dramatami; to odpowiecie za to przed SÄ…dem BoÅ¼ym!

#lockdown #kwarantannanarodowa #kwarantanna #restrykcje #COVID19 https://t.co/V4HXijir1h"
92,Fri Dec 18 13:02:26 +0000 2020,"Nie damy siÄ™ ""wyszczepiÄ‡""; nie jesteÅ›my bydÅ‚em. JebaÄ‡ rzÄ…d! #szczepionka #kwarantannanarodowa #kwarantanna #KoronawirusWPolsce #koronawiruspolska #koronawirus #zajob #jebaÄ‡pis"
93,Fri Dec 18 12:46:25 +0000 2020,"Nie damy siÄ™ ""wyszczepiÄ‡""; nie jesteÅ›my bydÅ‚em. JebaÄ‡ rzÄ…d! #szczepionka #kwarantannanarodowa #kwarantanna #KoronawirusWPolsce #koronawiruspolska #koronawirus #zajob #jebaÄ‡pis"
94,Fri Dec 18 12:40:25 +0000 2020,Czy bÄ™dzie moÅ¼na siÄ™ przemieszczaÄ‡ miÄ™dzy miastami podczas kwarantanny narodowej? #tweetme #tweetmekurwa #kwarantannanarodowa #kwarantanna
95,Fri Dec 18 12:23:17 +0000 2020,@poselTTrela @__Lewica @wiosnabiedronia @partiarazem @PSocjalistyczna @FMS_kraj @mlodalewica_ @Mlodzi_Razem @mlodzi_pps @i_lechowska Czy ksiÄ™Å¼a zostali wpisani na listÄ™ priorytetowych szczepieÅ„ antycovidowych? Also: moÅ¼e postawimy koÅ›ciÃ³Å‚ na stoku i sukienkarze bÄ™dÄ… szusowaÄ‡ z eucharystiÄ…. Przyjemne z poÅ¼ytecznym. #kwarantanna
96,Fri Dec 18 12:21:09 +0000 2020,ZamykajÄ… galerie handlowe; hotele i stoki; bo tam jest koronawirus. KoÅ›cioÅ‚y otwarte; bo tam koronawirusa nie ma. To nie kwarantanna narodowa; tylko wielka Å›ciema pod dyktando facetÃ³w w sukienkach! #Kwarantanna #KoÅ›ciÃ³Å‚ https://t.co/RP5sIWVx4O
97,Fri Dec 18 12:19:01 +0000 2020,ZamykajÄ… galerie handlowe; hotele i stoki; bo tam jest koronawirus. KoÅ›cioÅ‚y otwarte; bo tam koronawirusa nie ma. To nie kwarantanna narodowa; tylko wielka Å›ciema pod dyktando facetÃ³w w sukienkach! #Kwarantanna #KoÅ›ciÃ³Å‚ https://t.co/RP5sIWVx4O
98,Fri Dec 18 12:18:28 +0000 2020,ZamykajÄ… galerie handlowe; hotele i stoki; bo tam jest koronawirus. KoÅ›cioÅ‚y otwarte; bo tam koronawirusa nie ma. To nie kwarantanna narodowa; tylko wielka Å›ciema pod dyktando facetÃ³w w sukienkach! #Kwarantanna #KoÅ›ciÃ³Å‚ https://t.co/RP5sIWVx4O
99,Fri Dec 18 12:17:05 +0000 2020,ZamykajÄ… galerie handlowe; hotele i stoki; bo tam jest koronawirus. KoÅ›cioÅ‚y otwarte; bo tam koronawirusa nie ma. To nie kwarantanna narodowa; tylko wielka Å›ciema pod dyktando facetÃ³w w sukienkach! #Kwarantanna #KoÅ›ciÃ³Å‚ https://t.co/RP5sIWVx4O
100,Fri Dec 18 12:01:20 +0000 2020,Konfederacja Obywatelska wiecznie Å¼ywa https://t.co/M3N9WMh7ft ... @Platforma_org @KONFEDERACJA_ #sylwester #sylwester2020 #Lockdown2 #lockdown1 #lockdown #kwarantannanarodowa #kwarantanna #wtylewizji #jedziemydalej #Jedziemy #woronicza17 #memy #polityka #KONFEDERACJA #Plandemia https://t.co/CQq1Ji7Euc
101,Fri Dec 18 12:01:20 +0000 2020,Konfederacja Obywatelska wiecznie Å¼ywa https://t.co/M3N9WMh7ft ... @Platforma_org @KONFEDERACJA_ #sylwester #sylwester2020 #Lockdown2 #lockdown1 #lockdown #kwarantannanarodowa #kwarantanna #wtylewizji #jedziemydalej #Jedziemy #woronicza17 #memy #polityka #KONFEDERACJA #Plandemia https://t.co/CQq1Ji7Euc
102,Fri Dec 18 11:56:15 +0000 2020,Konfederacja Obywatelska wiecznie Å¼ywa - https://t.co/hu4UMMxPFa https://t.co/nkfNEyR6zd #sylwester #sylwester2020 #Lockdown2 #lockdown1 #lockdown #kwarantannanarodowa #kwarantanna #wtylewizji #jedziemydalej #Jedziemy #woronicza17 #memy #polityka https://t.co/MgBCFtA9LE
103,Fri Dec 18 11:46:34 +0000 2020,ZamykajÄ… galerie handlowe; hotele i stoki; bo tam jest koronawirus. KoÅ›cioÅ‚y otwarte; bo tam koronawirusa nie ma. To nie kwarantanna narodowa; tylko wielka Å›ciema pod dyktando facetÃ³w w sukienkach! #Kwarantanna #KoÅ›ciÃ³Å‚ https://t.co/RP5sIWVx4O
104,Fri Dec 18 11:39:06 +0000 2020,NaleÅ¼y to powiedzieÄ‡ wprost: narodowi polskiemu wydano wojnÄ™. JeÅ›li zdoÅ‚amy jÄ… wygraÄ‡; powinna zostaÄ‡ wprowadzona prawem kara Å›mierci wykonywana w sposÃ³b haÅ„biÄ…cy. Morawiecki; Horban; Niedzielski; Andrusiewicz i Gut powinni zostaÄ‡ powieszeni na latarniach. #zajob #kwarantanna
105,Fri Dec 18 11:24:35 +0000 2020,Brakuje tylko Narodowego Picia WÃ³dki by uzupeÅ‚niÄ‡ NarodowÄ… KwarantannÄ™. Ciekawe kto bÄ™dzie sprawdzaÅ‚ tylu obywateli skoro wiÄ™kszoÅ›Ä‡ sÅ‚uÅ¼b stacjonuje na Å»oliborzu. Pelikany z pisu sÄ…? @DominikKucinsk debilu i spÃ³Å‚ka innych trolli. #kwarantanna #plandemia #POPiS
106,Fri Dec 18 11:20:50 +0000 2020,"SpodziewaÅ‚em siÄ™ zaostrzenia obostrzeÅ„ epidemicznych przez rzÄ…d; bo zakwitÅ‚o cwaniactwo â€“ powiedziaÅ‚ PAP wirusolog prof. WÅ‚odzimierz Gut.

#KoronawirusWPolsce #kwarantanna

https://t.co/rW050rDCnh"
107,Fri Dec 18 11:20:40 +0000 2020,NaleÅ¼y to powiedzieÄ‡ wprost: narodowi polskiemu wydano wojnÄ™. JeÅ›li zdoÅ‚amy jÄ… wygraÄ‡; powinna zostaÄ‡ wprowadzona prawem kara Å›mierci wykonywana w sposÃ³b haÅ„biÄ…cy. Morawiecki; Horban; Niedzielski; Andrusiewicz i Gut powinni zostaÄ‡ powieszeni na latarniach. #zajob #kwarantanna
108,Fri Dec 18 11:13:57 +0000 2020,NaleÅ¼y to powiedzieÄ‡ wprost: narodowi polskiemu wydano wojnÄ™. JeÅ›li zdoÅ‚amy jÄ… wygraÄ‡; powinna zostaÄ‡ wprowadzona prawem kara Å›mierci wykonywana w sposÃ³b haÅ„biÄ…cy. Morawiecki; Horban; Niedzielski; Andrusiewicz i Gut powinni zostaÄ‡ powieszeni na latarniach. #zajob #kwarantanna
109,Fri Dec 18 11:13:01 +0000 2020,NaleÅ¼y to powiedzieÄ‡ wprost: narodowi polskiemu wydano wojnÄ™. JeÅ›li zdoÅ‚amy jÄ… wygraÄ‡; powinna zostaÄ‡ wprowadzona prawem kara Å›mierci wykonywana w sposÃ³b haÅ„biÄ…cy. Morawiecki; Horban; Niedzielski; Andrusiewicz i Gut powinni zostaÄ‡ powieszeni na latarniach. #zajob #kwarantanna
110,Fri Dec 18 10:56:39 +0000 2020,"OgÅ‚oszona narodowÄ… kwarantanne. Ciekawe co dalej; niby od 28 mieli wyluzowac XDD typowy pis
#jebacpis #pis #polska #narodowakwarantanna #covid #kwarantanna"
111,Fri Dec 18 10:46:40 +0000 2020,"â“ Pytacie: co ze #Å›wiÄ™ta.mi? OdpowiedÅº @MZ_GOV_PL: Å›wiÄ™towaÄ‡ mogÄ… osoby mieszkajÄ…ce w jednym gospodarstwie domowym oraz piÄ™Ä‡ dodatkowych osÃ³b

#zdrowie #koronawirus #stanepidemii #obostrzenia #kwarantanna https://t.co/jk8tuYJ4En"
112,Fri Dec 18 10:31:58 +0000 2020,Pan @MorawieckiM &amp; #PiS juÅ¼ dali: podwyÅ¼ki prÄ…du bez dopÅ‚at; podatek cukrowy; #kwarantanna; dwa zwyciÄ™ztwa nad #pandemia; wyrok #TK; unijnÄ… szopkÄ™ z #veto; cudowne #ferie na stokach; #ÅšwiÄ™ta; dziaÅ‚ania #policja; cyrk na #Å»oliborz i upadajÄ…ce biznesy. Wystarczy prezentÃ³w! https://t.co/tAiJ3RGl9E
113,Fri Dec 18 10:08:28 +0000 2020,"SpodziewaÅ‚em siÄ™ zaostrzenia obostrzeÅ„ epidemicznych przez rzÄ…d; bo zakwitÅ‚o cwaniactwo â€“ powiedziaÅ‚ PAP wirusolog prof. WÅ‚odzimierz Gut.

#KoronawirusWPolsce #kwarantanna

https://t.co/rW050rDCnh"
114,Fri Dec 18 10:00:00 +0000 2020,"SpodziewaÅ‚em siÄ™ zaostrzenia obostrzeÅ„ epidemicznych przez rzÄ…d; bo zakwitÅ‚o cwaniactwo â€“ powiedziaÅ‚ PAP wirusolog prof. WÅ‚odzimierz Gut.

#KoronawirusWPolsce #kwarantanna

https://t.co/rW050rDCnh"
115,Fri Dec 18 09:39:05 +0000 2020,"CzÅ‚owiekiem roku 2020 zostaje JarosÅ‚aw KaczyÅ„ski; za wprowadzenie godziny policyjnej 31.12.2020
W koÅ„cu siÄ™ udaÅ‚o ğŸ‡µğŸ‡±ğŸ‡µğŸ‡±ğŸ‡µğŸ‡±ğŸ‡µğŸ‡±âœâœâœ
#kwarannaNarodowa
#kwarantanna https://t.co/UhLAYtMD5O"
116,Fri Dec 18 09:01:05 +0000 2020,"Jak ktoÅ› siÄ™ wybiera na domÃ³wkÄ™ w sylwestra; to pamiÄ™taj; Å¼e musisz przybyÄ‡ na miejsce do 19 i wyjdziesz dopiero o 6. Wytrzymasz????ğŸ˜€
#sylwester2020 #kwarantanna #lockdown #polska #zakazy #nakazy #sylwester #nowyrok #obostrzenia #KoronawirusWPolsce"
117,Fri Dec 18 08:43:41 +0000 2020,"ByÅ‚bym zwolennikiem jeszcze mocniejszych restrykcji; ale krÃ³tkich; a co najwaÅ¼niejsze â€“ z pokazaniem jasnego; pozytywnego celu â€“ powiedziaÅ‚ prezes Warszawskich Lekarzy Rodzinnych dr MichaÅ‚ #Sutkowski.

#koronawirus #kwarantanna #kwarantannanarodowa 
https://t.co/kJ40kS755g"
118,Fri Dec 18 07:38:48 +0000 2020,"NARODOWA KWARANTANNA POZWOLI SZYBCIEJ WRÃ“CIÄ† DZIECIOM DO SZKÃ“Å I ZACZÄ„Ä† SZCZEPIENIA
https://t.co/uH7uVzW7Yi
#kwarantannanarodowa #kwarantanna #epidemia #koronawirus #KoronawirusWPolsce #szczepionka #szczepienie"
119,Fri Dec 18 07:13:28 +0000 2020,W @jsw_sa odnotowano dziÅ› 6 nowych przypadkÃ³w zaraÅ¼enia #koronawirus.em: 3 w #kopalnia #JastrzÄ™bieBzie; 2 #PniÃ³wek i 1 #Budryk. Od poczÄ…tku #epidemia zainfekowanych zostaÅ‚o 4577 pracownikÃ³w #JSW; wyzdrowiaÅ‚o juÅ¼ 4529 osÃ³b. Na #kwarantanna przebywa 99 osÃ³b.
120,Fri Dec 18 06:21:12 +0000 2020,"#Kwarantanna narodowa...wprowadzona rozporzÄ…dzeniem ğŸ™‰
#PaÅ„stwoPiS #bubel #prawo #kwarantannanarodowa https://t.co/ETQGTLg0qc"
121,Fri Dec 18 00:43:09 +0000 2020,@NiezalenyM @EpochTimes JesteÅ› ğŸ˜˜ ja na #kwarantanna ğŸ¤£
122,Thu Dec 17 23:20:20 +0000 2020,#kwarantanna narodowa to bzdura! https://t.co/8d0RXzgSFl
123,Thu Dec 17 22:16:07 +0000 2020,Narodowa kwarantanna od 28 grudnia do 17 stycznia a w Sylwestra zakaz przemieszczania siÄ™ ğŸ˜¡#goorsky #czarnyhumor #koronawirus #sylwester #narodowakwarantanna #kwarantanna https://t.co/GhwsdKX2XG
124,Thu Dec 17 22:14:57 +0000 2020,Narodowa kwarantanna od 28 grudnia do 17 stycznia a w Sylwestra zakaz przemieszczania siÄ™ ğŸ˜¡#goorsky #czarnyhumor #koronawirus #sylwester #narodowakwarantanna #kwarantanna https://t.co/GhwsdKX2XG
125,Thu Dec 17 21:41:33 +0000 2020,Okazuje siÄ™; Å¼e #lockdown i #kwarantanna to mÃ³j styl Å¼ycia od lat!ğŸ¤¡Niemniej jednak to nie znaczy; Å¼e jak mi zakazujÄ… to natychmiast nie mam ochoty na ostry #clubbing (chyba tylko w lesie; co?) i obsciskiwanie nieznajomych na ulicy w Sylwestra! ğŸ˜ˆ https://t.co/wxUXqqnnVx
126,Thu Dec 17 21:27:58 +0000 2020,Narodowa kwarantanna od 28 grudnia do 17 stycznia a w Sylwestra zakaz przemieszczania siÄ™ ğŸ˜¡#goorsky #czarnyhumor #koronawirus #sylwester #narodowakwarantanna #kwarantanna https://t.co/GhwsdKX2XG
127,Thu Dec 17 21:27:45 +0000 2020,"Hej @AndrzejDuda! Tu nie ma co czekaÄ‡; tu trzeba dzwoniÄ‡!

#pis
#koronawirus #sylwester #narodowakwarantanna #kwarantanna https://t.co/gLvWKinnSX"
128,Thu Dec 17 21:27:33 +0000 2020,"Allan Moore. ""Swamp Thing"" Wydanie zbiorcze. Tom 1.

#kwarantanna #kwarantannanarodowa #COVID19 #allanmoore https://t.co/DNClYO3sR1"
129,Thu Dec 17 21:26:33 +0000 2020,Narodowa kwarantanna od 28 grudnia do 17 stycznia a w Sylwestra zakaz przemieszczania siÄ™ ğŸ˜¡#goorsky #czarnyhumor #koronawirus #sylwester #narodowakwarantanna #kwarantanna https://t.co/GhwsdKX2XG
130,Thu Dec 17 21:23:26 +0000 2020,Narodowa kwarantanna od 28 grudnia do 17 stycznia a w Sylwestra zakaz przemieszczania siÄ™ ğŸ˜¡#goorsky #czarnyhumor #koronawirus #sylwester #narodowakwarantanna #kwarantanna https://t.co/GhwsdKX2XG
131,Thu Dec 17 20:57:12 +0000 2020,"no nie powiem.. fajnego sylwestra zorganizowaliscie policji przez tÄ… godzinÄ™ policyjna XDD
#kwarantanna #kwarantannanarodowa"
132,Thu Dec 17 20:52:43 +0000 2020,"@copone1dak Jak tam Donkowi idzie #kwarantanna?
@donaldtusk 
@martalempart https://t.co/oXPtthWKdU"
133,Thu Dec 17 20:42:48 +0000 2020,"Co bÄ™dzie; jak Rok 2020 z uwagi na godzinÄ™ policyjnÄ… w Polsce nigdzie nie pÃ³jdzie i zostanie z Nami rok dÅ‚uÅ¼ej? ğŸ¤”ğŸ¤”ğŸ¤”
#kwarantanna #godzinapolicyjna"
134,Thu Dec 17 20:42:37 +0000 2020,"Czyli rzÄ…d wprowadza po Å›wiÄ™tach ""kwarantanne narodowÄ…"" po to Å¼eby kobiety nie mogÅ‚y protestowaÄ‡ przeciwko zaostrzeniu aborcji
#StrajkKobiet #kwarantanna #kwarantannanarodowa"
135,Thu Dec 17 20:31:40 +0000 2020,A nie-PolakÃ³w NARODOWA #kwarantanna teÅ¼ obowiÄ…zuje?
136,Thu Dec 17 20:22:42 +0000 2020,"Serdecznie niepozdrawiam  kancelarie vatowicza i wszystkie inne bezmÃ³zgie ministerstwa.
Pierdolcie siÄ™ na ryj.
#kwarantannanarodowa #kwarantanna  https://t.co/nEr52MlZId"
137,Thu Dec 17 20:18:33 +0000 2020,"Juz to widze jak taki @MorawieckiM czy @a_niedzielski siedzi kilkukrotnie zaszczepiony w Sylwestra od 19:00 do 06:00 w skafandrze z zachowaniem limitu osob i odstepu.
#kwarantanna"
138,Thu Dec 17 20:17:45 +0000 2020,"To fajnie; Å¼e ""Lewy"" jest najlepszy! To zapewne poprawi sytuacjÄ™ w wielu polskich domach. #mamtowdupie #pandemia #kryzys #COVID19 #koronawirus #kwarantanna"
139,Thu Dec 17 20:06:29 +0000 2020,"#Kwarantanna narodowa...wprowadzona rozporzÄ…dzeniem ğŸ™‰
#PaÅ„stwoPiS #bubel #prawo #kwarantannanarodowa https://t.co/ETQGTLg0qc"
140,Thu Dec 17 19:24:15 +0000 2020,PiS to pi******ne ojkofoby zamykajÄ… gospodarkÄ™ tylko dlatego; Å¼e inne kraje tak robiÄ… #kwarantanna #kwarantannanarodowa #kwarantannageneralna
141,Thu Dec 17 18:54:23 +0000 2020,"#Kwarantanna narodowa w Polsce
#wieszwiÄ™cej #koronawirus https://t.co/W0VrKwBgXu"
142,Thu Dec 17 18:53:47 +0000 2020,"#Kwarantanna narodowa w Polsce
#wieszwiÄ™cej #koronawirus https://t.co/W0VrKwBgXu"
143,Thu Dec 17 18:45:33 +0000 2020,"@copone1dak Jak tam Donkowi idzie #kwarantanna?
@donaldtusk 
@martalempart https://t.co/oXPtthWKdU"
144,Thu Dec 17 18:09:12 +0000 2020,"Podsumowanie rzadu w walce z plandemia:

- bankructwa polskich przedsiebiorcow
- mandaty za brak maseczek 
- zanik osob chorych na grype
- wrost dlugu
- wzrost inflacji
- zapasc sluzby zdrowia 
- depopulacja

Byly doradca Tuska @MorawieckiM dwoi sie i troi

#kwarantanna"
145,Thu Dec 17 18:03:31 +0000 2020,"WszÄ™dzie lockdown. Przynajmniej Kevin nie zostanie sam w domu... ğŸ™ƒğŸ™‚
#lockdown #kwarantanna #kwarantannanarodowa #narodowakwarantanna"
146,Thu Dec 17 17:55:21 +0000 2020,"#NARODOWA #KWARANTANNA czyli ciÄ…g dalszy serialu                  #ZOSTAÅƒwDOMUâ€¼ï¸           #RZÄ„D #PiS kocha nie polski #NARÃ“D tylko kocha polskie serialeâ€¼ï¸
CiÄ…g dalszy obostrzeÅ„
#ZOSTAÅƒwDOMUâ€¼ï¸ https://t.co/3KbH5PwgcY"
147,Thu Dec 17 17:52:55 +0000 2020,"Niestety mam za maÅ‚e zasiÄ™gi; Å¼eby cokolwiek zdziaÅ‚aÄ‡.
Moje noworoczne Å¼yczenie to #ObalamyRzÄ…d! ğŸª“ğŸª“

#kwarantannanarodowa #kwarantanna #pis #covid #rt https://t.co/Ixyb6OeFsc"
148,Thu Dec 17 17:50:43 +0000 2020,"#NARODOWA #KWARANTANNA czyli ciÄ…g dalszy serialu                  #ZOSTAÅƒwDOMUâ€¼ï¸           #RZÄ„D #PiS kocha nie polski #NARÃ“D tylko kocha polskie serialeâ€¼ï¸ 
#NARÃ“D przygotowaÅ‚ taczki dla #RZÄ„DU #PiSâ€¼ï¸ https://t.co/E8wdaZBsjQ"
149,Thu Dec 17 17:49:02 +0000 2020,"Nie kaÅ¼dy zadowolony z decyzji @a_niedzielski 
#kwarantannanarodowa #kwarantanna @prezydentpl https://t.co/zEfc8etdxM"
150,Thu Dec 17 17:48:59 +0000 2020,"Czy tylko moje Å¼ycie wyglÄ…da codziennie tak samo? WstajÄ™; kawa; â€lekcjeâ€; serial; sen. 
#Polska #coronavirus #kwarantanna #zdalne"
151,Thu Dec 17 17:36:00 +0000 2020,@PremierRP @MorawieckiM Ewentualnie to dla nas kompletnie bez znaczenia; walimy nowe ograniczenia z tzw. czapy. @michaldworczyk #wieszwiecej #koronawirus #kwarantannanarodowa #kwarantanna #COVID19
152,Thu Dec 17 17:31:44 +0000 2020,"Niestety mam za maÅ‚e zasiÄ™gi; Å¼eby cokolwiek zdziaÅ‚aÄ‡.
Moje noworoczne Å¼yczenie to #ObalamyRzÄ…d! ğŸª“ğŸª“

#kwarantannanarodowa #kwarantanna #pis #covid #rt https://t.co/Ixyb6OeFsc"
153,Thu Dec 17 17:29:46 +0000 2020,"Niestety mam za maÅ‚e zasiÄ™gi; Å¼eby cokolwiek zdziaÅ‚aÄ‡.
Moje noworoczne Å¼yczenie to #ObalamyRzÄ…d! ğŸª“ğŸª“

#kwarantannanarodowa #kwarantanna #pis #covid #rt https://t.co/Ixyb6OeFsc"
154,Thu Dec 17 17:28:11 +0000 2020,"Niestety mam za maÅ‚e zasiÄ™gi; Å¼eby cokolwiek zdziaÅ‚aÄ‡.
Moje noworoczne Å¼yczenie to #ObalamyRzÄ…d! ğŸª“ğŸª“

#kwarantannanarodowa #kwarantanna #pis #covid #rt https://t.co/Ixyb6OeFsc"
155,Thu Dec 17 17:16:08 +0000 2020,To jest #ÅšmiechNaSali ğŸ¤¦ğŸ»â€â™‚ï¸ Gdy mieliÅ›my 30tyÅ›. zachorowaÅ„ dziennie; nikt nie mÃ³wiÅ‚ o #kwarantanna a gdy jest na poziomie 11tyÅ›. to #PiS wprowadza #kwarantannanarodowa ğŸ¤¦ğŸ»â€â™‚ï¸ WiÄ™c; albo o czymÅ› nam nie mÃ³wiÄ…; albo statystyki sÄ… przekÅ‚amane! #KoronawirusWPolsce  https://t.co/pJn32rtnff
156,Thu Dec 17 16:50:16 +0000 2020,Po co kwarantanna wystarczy szkÃ³Å‚ nie otwieraÄ‡ i wszystko byÅ‚oby w porzÄ…dku #kwarantannanarodowa #kwarantanna
157,Thu Dec 17 16:46:03 +0000 2020,SzczÄ™Å›liwi Obywatele; ktÃ³rzy planowali wyjazd i zapÅ‚acili za wynajem w cenach Å›wiÄ…tecznych ğŸ¤·ğŸ»â€â™€ï¸. Dla pocieszenia; w prezencie bÄ™dÄ… mogli udaÄ‡ siÄ™ do koÅ›cioÅ‚a. #kwarantanna #kwarantannanarodowa #COVID19 #coronavirus #Corona https://t.co/3D288sCrTz
158,Thu Dec 17 16:34:38 +0000 2020,Marzy mi siÄ™ sytuacja; w ktÃ³rej w Sylwestra parÄ™ minut przed pÃ³Å‚nocÄ… wszyscy ci; ktÃ³rzy zostali w domu; masowo wychodzÄ… na dwÃ³r; aby zÅ‚oÅ¼yÄ‡ Å¼yczenia sÄ…siadom i wspÃ³lnie wypiÄ‡ szampana. JebaÄ‡ rzÄ…d i covidian! #sylwester #zajob #kwarantannanarodowa #kwarantanna #koronawiruspolska
159,Thu Dec 17 16:34:23 +0000 2020,Marzy mi siÄ™ sytuacja; w ktÃ³rej w Sylwestra parÄ™ minut przed pÃ³Å‚nocÄ… wszyscy ci; ktÃ³rzy zostali w domu; masowo wychodzÄ… na dwÃ³r; aby zÅ‚oÅ¼yÄ‡ Å¼yczenia sÄ…siadom i wspÃ³lnie wypiÄ‡ szampana. JebaÄ‡ rzÄ…d i covidian! #sylwester #zajob #kwarantannanarodowa #kwarantanna #koronawiruspolska
160,Thu Dec 17 16:16:12 +0000 2020,"Sylwester - NIE!
Pasterka - TAK!

CaÅ‚e szczÄ™Å›cie.......

(Å¼aÅ‚osne decyzje @MorawieckiM i @a_niedzielski ; ale najwaÅ¼niejsze; Å¼e Rydzyk bÄ™dzie zadowolony) #COVID19 #kwarantannanarodowa #kwarantanna"
161,Thu Dec 17 16:09:56 +0000 2020,"Sylwester - NIE!
Pasterka - TAK!

CaÅ‚e szczÄ™Å›cie.......

(Å¼aÅ‚osne decyzje @MorawieckiM i @a_niedzielski ; ale najwaÅ¼niejsze; Å¼e Rydzyk bÄ™dzie zadowolony) #COVID19 #kwarantannanarodowa #kwarantanna"
162,Thu Dec 17 16:07:19 +0000 2020,"a co z tym? 
#sylwester #lockdown #coronavirus #kwarantanna https://t.co/stJRgNdZLm"
163,Thu Dec 17 16:04:49 +0000 2020,"Czy sportowcy; ktÃ³rzy przemieszczajÄ… siÄ™ na mecze ligowe czy zawody bÄ™dÄ… mogli w okresie od 28 grudnia do 17 stycznia kontynuowaÄ‡ rywalizacjÄ™? 
#Korona #koronawiruspolska #COVID19 #kwarantanna 
ğŸ”»
https://t.co/itsTpueDhW"
164,Thu Dec 17 16:04:45 +0000 2020,"Niestety staÅ‚o siÄ™; rzÄ…d wprowadziÅ‚ kolejne obostrzenia. MieliÅ›my peÅ‚en kalendarz koncertowy w grudniu; ostatnia nadzieja byÅ‚a w zagraniu sylwestra. To teraz jak maÅ‚e dzieci po 19:00 pÃ³jdziemy spaÄ‡ :) a w galeriach tÅ‚umy! Ehh..
#Polska #kwarantanna #sylwester https://t.co/Q0W4B7skQK"
165,Thu Dec 17 15:54:33 +0000 2020,"Nie wiem. 

Wiem za to Å¼e Andrzej Duda jest niezadowolony bo mu stoki zamknÄ… ğŸ™ƒ.

#sylwestra #KoronawirusWPolsce  #COVID19 #kwarantannanarodowa #kwarantanna #bezsensowneobostrzenia #koÅ‚ofortuny https://t.co/psfepztOOf"
166,Thu Dec 17 15:51:22 +0000 2020,Przypadek? #MrRobot #EvilCorp #kwarantanna https://t.co/qSh1lYHHqI
167,Thu Dec 17 15:48:37 +0000 2020,"@KaziSmolinski A jak tam po imprezie u Å‚ojca Rydzyka?
Wyniki na testÃ³w na #COVID19 bÄ™dziecie publikowaÄ‡ czy utajnicie? 
#kwarantanna #SilniRazem #koronawiruspolska #KoronawirusWPolsce #koronawirus"
168,Thu Dec 17 15:48:10 +0000 2020,"Å»ycie grozi dalszym wzrostem liczby zgonÃ³w.
#narodowakwarantanna #kwarantanna #koronawiruspolska #COVID19"
169,Thu Dec 17 15:47:53 +0000 2020,"Panie Adamie; jak bÄ™dzie wyglÄ…daÅ‚ mÃ³j egzamin kwalifikacyjny a27 teoria i praktyka (12 i 13 styczeÅ„ 2021r) skoro do 17 styczeÅ„ 2021; bÄ™dzie kwarantanna narodowa (w smutnym nastrojuğŸ˜°)
#kwarantanna #przypaÅ‚
@a_niedzielski
@MZ_GOV_PL"
170,Thu Dec 17 15:45:55 +0000 2020,"Co tu siÄ™ odyebao w tym kraju dzisiaj; pytam bo wypracowywaÅ‚em pieniÄ…Å¼ki na urzÄ™dnicze pensje.
Darmozjady i #Å‚otry
#kwarantanna"
171,Thu Dec 17 15:45:55 +0000 2020,Kwarantanna narodowa w dniach 28 grudnia - 17 stycznia https://t.co/c8GzKuZjwv #kwarantanna
172,Thu Dec 17 15:44:08 +0000 2020,Zaraz; zaraz... Czy to znaczy; Å¼e teraz otworzÄ… sklepy meblowe a zamknÄ… budowlane?ğŸ˜‚ğŸ˜‚ğŸ˜‚Gdzie jest szczegÃ³Å‚owy wykaz tych sklepÃ³w; bom ciekawa?ğŸ˜‚ğŸ˜‚ğŸ˜‚ #kwarantanna #wypierdalaÄ‡ https://t.co/p3QiGcvzzy
173,Thu Dec 17 15:43:25 +0000 2020,"Do 17 stycznia zostajemy w domku... ğŸ˜‘

Ale sa plusy!
BÄ™dzie moÅ¼na sie wyspac pierwszego ğŸ™ˆ
#kwarantanna #narodowakwarantanna https://t.co/mn543tmPdi"
174,Thu Dec 17 15:42:43 +0000 2020,"Mam rozumieÄ‡; Å¼e w rzeczywistoÅ›ci jesteÅ›my na poziomie 70-75 tys zakaÅ¼eÅ„ dobowo? @PremierRP @MorawieckiM @AdamNiedzielsk4 @RCB_RP @PremierRP #obostrzenia #kwarantanna #koronawiruspolska #COVID19 

To sÄ… jakieÅ› jaja .. https://t.co/Njg3KnwxOk"
175,Thu Dec 17 15:41:20 +0000 2020,"ZajebiÅ›cie
#kwarantanna #ferie https://t.co/yaatNcz4wd"
176,Thu Dec 17 15:41:05 +0000 2020,SkoÅ„czy siÄ™ na tym; Å¼e jedyne co siÄ™ rozmrozi w tej epidemii; to te szczepionki #kwarantanna #COVID19
177,Thu Dec 17 15:36:21 +0000 2020,"Jak PiSiory coÅ› zaplanujÄ… to Sasin wymiÄ™ka. ğŸ˜‚ğŸ˜‚ğŸ˜‚
#kwarantanna #PiS https://t.co/diOPNhfqmo"
178,Thu Dec 17 15:31:15 +0000 2020,Komora maszyny losujÄ…cej jest pusta; nastÄ™puje zwolnienie blokady i zobaczymy co tym razem wylosujemy w sprawie Narodowej KwarantannyğŸ˜‚ğŸ¤¦ğŸ»â€â™‚ï¸ #kwarantanna https://t.co/RRSkcZy0oM
179,Thu Dec 17 15:28:15 +0000 2020,Komora maszyny losujÄ…cej jest pusta; nastÄ™puje zwolnienie blokady i zobaczymy co tym razem wylosujemy w sprawie Narodowej KwarantannyğŸ˜‚ğŸ¤¦ğŸ»â€â™‚ï¸ #kwarantanna https://t.co/RRSkcZy0oM
180,Thu Dec 17 15:25:57 +0000 2020,"NARODOWA KWARANTANNA 

Na okres od 28 grudnia 2020 r. do 17 stycznia 2021 r. wprowadzona zostanie #kwarantanna narodowa; zamkniÄ™te zostanÄ… wszystkie #hotele; #stoki narciarskie i #galerie.
@a_niedzielski @MZ_GOV_PL  #koronawirus #pandemia @AKatrynicz  https://t.co/51iGXuoYq6"
181,Thu Dec 17 15:25:40 +0000 2020,"Czy sportowcy; ktÃ³rzy przemieszczajÄ… siÄ™ na mecze ligowe czy zawody bÄ™dÄ… mogli w okresie od 28 grudnia do 17 stycznia kontynuowaÄ‡ rywalizacjÄ™? 
#Korona #koronawiruspolska #COVID19 #kwarantanna 
ğŸ”»
https://t.co/itsTpueDhW"
182,Thu Dec 17 15:25:17 +0000 2020,Tyle sa warte te infografiki bylego doradcy Tuska @MorawieckiM @PremierRP #kwarantanna https://t.co/tdwiHMS5Uq
183,Thu Dec 17 15:23:54 +0000 2020,#kwarantanna narodowa; ludzie zejdÄ… trochÄ™ z #Cyberpunk2077 ğŸ˜‰
184,Thu Dec 17 15:22:30 +0000 2020,jaki sylwester taki caly rok kur*ağŸ–• #kwarantanna
185,Thu Dec 17 15:21:40 +0000 2020,"Narodowa kwarantanna - to brzmi dumnie!
#narodowa #kwarantanna #nie #byle #jaka #narodowakwarantanna"
186,Thu Dec 17 15:21:33 +0000 2020,"Nie Å¼eby coÅ› ale w simsach nikt mi nie zabroni siÄ™ przemieszczaÄ‡ miÄ™dzy 19.00 a 6.00 ani najebaÄ‡.
#kwarantanna #sylwester"
187,Thu Dec 17 15:21:06 +0000 2020,"@KONFEDERACJA_ PoszÅ‚o polecenie ""z gÃ³ry"" to muszÄ… siÄ™ dostosowaÄ‡ do Å›wiatowego ""trendu"" 

#COVID19 #kwarantanna"
188,Thu Dec 17 15:20:54 +0000 2020,"I ten moment... 

Kiedy chcÄ…c gdzieÅ› iÅ›Ä‡ miÄ™dzy ludzi; idziesz do koÅ›cioÅ‚a 

Tak bÄ™dzie; juÅ¼ wkrÃ³tce

#lockdown #kwarantanna"
189,Thu Dec 17 15:19:51 +0000 2020,"To bÄ™dzie Zajebisty Sylwester MarzeÅ„
#kwarantanna
#kwarantannaNarodowa"
190,Thu Dec 17 15:18:23 +0000 2020,"Allan Moore. ""Swamp Thing"" Wydanie zbiorcze. Tom 1.

#kwarantanna #kwarantannanarodowa #COVID19 #allanmoore https://t.co/DNClYO3sR1"
191,Thu Dec 17 15:18:01 +0000 2020,"To co; jeÅ¼eli mi zabraknie w Sylwestra to muszÄ™ czekaÄ‡ do 6:00 aby mÃ³c kupiÄ‡?
#kwarantanna"
192,Thu Dec 17 15:18:01 +0000 2020,"Pytanie mocno retoryczne: a gdyby ktoÅ› zaczÄ…Å‚ rodziÄ‡ w Sylwestra miÄ™dzy 19 a 6?
Pytam dla koleÅ¼anki
#kwarantanna"
193,Thu Dec 17 15:17:03 +0000 2020,Kwarantanna ok; szkoda; Å¼e tak pÃ³Åºno. Jest szansa; Å¼e trochÄ™ siÄ™ ograniczy poÅ›wiÄ…tecznÄ… dystrybucjÄ™ wirusa bo jak wiadomo narÃ³d bÄ™dzie miaÅ‚ restrykcje w dupie a maseczka na wigiliÄ™ to HO HO HO - o; takie Å›mieszne. #kwarantanna
194,Thu Dec 17 15:16:43 +0000 2020,"To jeszcze raz - w @rynekzdrowia  podsumowanie dziÅ› ogÅ‚oszonych dodatkowych obostrzeÅ„; czyli narodowej kwarantanny 2020/2021 @a_niedzielski @MZ_GOV_PL 
#Sylwester #kwarantanna #COVID19 
WiÄ™cej o nowych zasadach bezpieczeÅ„stwa piszemy w Rynku Zdrowia:
https://t.co/haNkWliq5E https://t.co/DmzsE0IWyq"
195,Thu Dec 17 15:16:08 +0000 2020,"#Kraj | Narodowa #kwarantanna i zamroÅ¼enie branÅ¼y hotelarskiej. RzÄ…d ogÅ‚osiÅ‚ nowe restrykcje zwiÄ…zane z #koronawiruspolska 
https://t.co/9VulkP1hFt"
196,Thu Dec 17 15:16:03 +0000 2020,"To jeszcze raz - w @rynekzdrowia  podsumowanie dziÅ› ogÅ‚oszonych dodatkowych obostrzeÅ„; czyli narodowej kwarantanny 2020/2021 @a_niedzielski @MZ_GOV_PL 
#Sylwester #kwarantanna #COVID19 
WiÄ™cej o nowych zasadach bezpieczeÅ„stwa piszemy w Rynku Zdrowia:
https://t.co/haNkWliq5E https://t.co/DmzsE0IWyq"
197,Thu Dec 17 15:14:01 +0000 2020,"Ostatnio Pan Dlugopis podobno ""nie akceptowaÅ‚ zamkniecia stokÃ³w"". Szabelka zmiÄ™kÅ‚a czy juÅ¼ siÄ™ najeÅºdziÅ‚? #Pytamy #kwarantanna"
198,Thu Dec 17 15:13:12 +0000 2020,@wsrnevergiveup PrzedsiÄ™biorcÃ³w siÄ™ rozkuÅ‚acza; jak kiedyÅ› rozkuÅ‚aczaÅ‚o siÄ™ bogatych (a przez to niezaleÅ¼nych) chÅ‚opÃ³w. Wszyscy majÄ… byÄ‡ na garnuszku paÅ„stwa i korporacji #kwarantanna
199,Thu Dec 17 15:11:37 +0000 2020,Å›mieszy mnie to Å¼e przez ogÅ‚oszenie kwarantanny narodowej; nie muszÄ™ szukaÄ‡ wymÃ³wki do siedzenia w domu w sylwestra XD #pandemia #kwarantanna
200,Thu Dec 17 15:11:37 +0000 2020,Ale jak patriotycznie brzmi #kwarantanna; #COVID19 https://t.co/JFHjjZGha6
201,Thu Dec 17 15:11:37 +0000 2020,Ale jak patriotycznie brzmi #kwarantanna; #COVID19 https://t.co/JFHjjZGha6
202,Thu Dec 17 15:09:30 +0000 2020,"Co do kwarantanny narodowej
#kwarantanna https://t.co/Mrk1nbqPbT"
203,Thu Dec 17 15:05:01 +0000 2020,"Podobno Sylwester w tym roku anulowany i 32 grudnia 2020 nie bÄ™dzie dniem wolnym od pracy :(

#kwarantanna #koronawirus #KoronawirusWPolsce #COVID19"
204,Thu Dec 17 15:00:48 +0000 2020,Jako; Å¼e zakaz przemieszczania siÄ™ trwa do 6 rano to Å›miem twierdziÄ‡; Å¼e w wielu domach ten utwÃ³r bÄ™dzie gÅ‚oÅ›no wybrzmiewaÄ‡ #sylwester  #kwarantanna https://t.co/vXJpfK6Dix
205,Thu Dec 17 15:00:10 +0000 2020,Od 28 grudnia do 17 stycznia wprowadzamy #kwarantanna narodowÄ… - zapowiedziaÅ‚ minister zdrowia @a_niedzielski https://t.co/CHmFApxt4P
206,Thu Dec 17 14:59:55 +0000 2020,"#sylwester #kwarantanna #COVID19 #koronawirus #lockdown #szczepionka
Czy powinien byÄ‡ wprowadzony zakaz poruszania siÄ™ od 19.00 w sylwestra do 1 stycznia?"
207,Thu Dec 17 14:56:12 +0000 2020,"Pozostaje pytanie dlaczego nie od 24-go? CzyÅ¼by KK zaprotestowaÅ‚? Na pasterkÄ™ trzeba iÅ›Ä‡?
#Kaczystan 
#Kwarantanna https://t.co/Zykmj96lzx"
208,Thu Dec 17 14:55:55 +0000 2020,II poÅ‚owa 2021. Koniec pandemii #koronawirus Setki ekspertÃ³w i politykÃ³w oskarÅ¼a mÅ‚odzieÅ¼ o niezdrowy tryb Å¼ycia; Å¼e to ich wina; bo nie uprawiajÄ… sportu i siedzÄ… przed komputrem caÅ‚y czas. PÃ³Å‚ Å¼artem; pÃ³Å‚ serio; sytuacja zdrowotna po pandemii bÄ™dzie 500 razy ciÄ™Å¼sza #kwarantanna https://t.co/xEbtmjZ1sZ
209,Thu Dec 17 14:52:04 +0000 2020,"Ferie w domu...
#feriezimowe #kwarantanna

ğŸ‘‡ğŸ‘‡
https://t.co/TlnqdQG22G"
210,Thu Dec 17 14:52:00 +0000 2020,"Sobeie moÅ¼ecie pogadaÄ‡ skurwysyny. Nikt narodowi polskiemu mÃ³wiÅ‚ co ma robiÄ‡. Polacy w koÅ„cu Was dojadÄ….
#jebacpis #kwarantanna"
211,Thu Dec 17 14:51:59 +0000 2020,"Jest jeszcze kilka dni; moÅ¼e czas na ""narodowy"" protest?? ğŸ¤”ğŸ¤” #kwarantanna #protest"
212,Thu Dec 17 14:48:16 +0000 2020,"PamiÄ™tajcie!
RozporzÄ…dzenie nie jest waÅ¼niejsze niÅ¼ Konstytucja RP.
Konstytucja deroguje rozporzÄ…dzenia RM! :)

#koronawirus #KwarantannaNarodowa #kwarantanna https://t.co/HwFCLuhAG0"
213,Thu Dec 17 14:47:26 +0000 2020,"No dobra; naÅ‚oÅ¼ona bÄ™dzie kwarantanna narodowa; a co bÄ™dzie z egzaminami zawodowymi w czasie ferii?

#egzaminzawodowy #kwarantanna #narodowakwarantanna"
214,Thu Dec 17 14:46:48 +0000 2020,"No dobra; naÅ‚oÅ¼ona bÄ™dzie kwarantanna narodowa; a co bÄ™dzie z egzaminami zawodowymi w czasie ferii?

#egzaminzawodowy #kwarantanna #narodowakwarantanna"
215,Thu Dec 17 14:45:03 +0000 2020,"Sobeie moÅ¼ecie pogadaÄ‡ skurwysyny. Nikt narodowi polskiemu mÃ³wiÅ‚ co ma robiÄ‡. Polacy w koÅ„cu Was dojadÄ….
#jebacpis #kwarantanna"
216,Thu Dec 17 14:43:43 +0000 2020,"Sobeie moÅ¼ecie pogadaÄ‡ skurwysyny. Nikt narodowi polskiemu mÃ³wiÅ‚ co ma robiÄ‡. Polacy w koÅ„cu Was dojadÄ….
#jebacpis #kwarantanna"
217,Thu Dec 17 14:43:29 +0000 2020,"NARODOWA KWARANTANNA 

Na okres od 28 grudnia 2020 r. do 17 stycznia 2021 r. wprowadzona zostanie #kwarantanna narodowa; zamkniÄ™te zostanÄ… wszystkie #hotele; #stoki narciarskie i #galerie.
@a_niedzielski @MZ_GOV_PL  #koronawirus #pandemia @AKatrynicz  https://t.co/51iGXuoYq6"
218,Thu Dec 17 14:43:14 +0000 2020,"Sobeie moÅ¼ecie pogadaÄ‡ skurwysyny. Nikt narodowi polskiemu mÃ³wiÅ‚ co ma robiÄ‡. Polacy w koÅ„cu Was dojadÄ….
#jebacpis #kwarantanna"
219,Thu Dec 17 14:42:06 +0000 2020,Godzina policyjna w noc SylwestrowÄ… od 19 do 6 rano ; czy ktoÅ› widzi sens ? PÃ³jdÄ… ludzie na imprezÄ™ przed 19 i wrÃ³cÄ… po 6 rano taka to strategia bezrzÄ…du PiS. Przepraszam; a Kurski to robi ten Sylwester z goÅ›Ä‡mi ? #sylwester #impreza #nowyrok #kwarantanna #godzinapolicyjna
220,Thu Dec 17 14:41:27 +0000 2020,"OD 28 GRUDNIA DO 17 STYCZNIA WPROWADZAMY KWARANTANNÄ˜ NARODOWÄ„
https://t.co/K49xkOfoyF
#kwarantanna #kwarantannanarodowa #Polska @a_niedzielski @MZ_GOV_PL"
221,Thu Dec 17 14:40:19 +0000 2020,"Czeka nas kwarantanna narodowa! Hotele; galerie handlowe i stoki narciarskie zamkniÄ™te. W Sylwestra godzina policyjna
#kwarantanna #kwarantannanarodowa #PILNE #sylwester #lockdown 
https://t.co/9eD6Ez28iC"
222,Thu Dec 17 14:39:13 +0000 2020,"Minister Zdrowia @a_niedzielski ogÅ‚asza; Å¼e bÄ™dzie #kwarantanna narodowa!
https://t.co/9Q44P0fXab"
223,Thu Dec 17 14:37:21 +0000 2020,"Ile to miaÅ‚o byÄ‡ zakaÅ¼eÅ„ dziennie by wprowadziÄ‡ kwarantannÄ™ narodowÄ…? 25 tys? CoÅ› nie pykÅ‚o. Ale #kwarantanna i tak jest! Aje! ğŸ¦¾
#COVID19 #koronawirus #KoronawirusWPolsce  #lockdown"
224,Thu Dec 17 14:36:40 +0000 2020,"W Sylwestra zakaz przemieszczania siÄ™ od 31 grudnia 2020 - od g. 19.00 - do 1 stycznia 2021; do g. 6.00 @a_niedzielski @MZ_GOV_PL 
#kwarantanna #sylwester https://t.co/ORSFUkQUos"
225,Thu Dec 17 14:35:56 +0000 2020,"Po dzisiejszej konferencji prasowej @a_niedzielski @MZ_GOV_PL  wiemy juÅ¼ na pewno; Å¼e z planÃ³w ""sÅ‚uÅ¼bowego Sylwestra"" w hotelu - nici. 
#kwarantanna #COVID19 #obostrzenia https://t.co/r4yCQ4Ki4l"
226,Thu Dec 17 14:35:51 +0000 2020,"ğŸ“¢ Od 28 grudnia do 17 stycznia wprowadzamy kwarantannÄ™ narodowÄ… - przekazaÅ‚ przed chwilÄ… na konferencji minister zdrowia @a_niedzielski .
https://t.co/USkuHccFGc
#kwarantanna #COVID19 #koronawirus"
227,Thu Dec 17 14:35:34 +0000 2020,"Po dzisiejszej konferencji prasowej @a_niedzielski @MZ_GOV_PL  wiemy juÅ¼ na pewno; Å¼e z planÃ³w ""sÅ‚uÅ¼bowego Sylwestra"" w hotelu - nici. 
#kwarantanna #COVID19 #obostrzenia https://t.co/r4yCQ4Ki4l"
228,Thu Dec 17 14:35:31 +0000 2020,"RzÄ…d wprowadza kwarantannÄ™ narodowÄ…! - https://t.co/gPC9DuoIN2 

#kwarantanna #obostrzenia #Koronawirus #koronawiruspolska #koronawiruswpolsce #kwarantannanarodowa"
229,Thu Dec 17 14:34:34 +0000 2020,"ğŸ“¢ Od 28 grudnia do 17 stycznia wprowadzamy kwarantannÄ™ narodowÄ… - przekazaÅ‚ przed chwilÄ… na konferencji minister zdrowia @a_niedzielski .
https://t.co/USkuHccFGc
#kwarantanna #COVID19 #koronawirus"
230,Thu Dec 17 14:32:28 +0000 2020,"Od 28 grudnia #kwarantanna narodowa! Ograniczenie w przemieszczaniu siÄ™ w #Sylwestra!

https://t.co/Ar86iJ6II7"
231,Thu Dec 17 14:32:08 +0000 2020,"W Sylwestra zakaz przemieszczania siÄ™ od 31 grudnia 2020 - od g. 19.00 - do 1 stycznia 2021; do g. 6.00 @a_niedzielski @MZ_GOV_PL 
#kwarantanna #sylwester https://t.co/ORSFUkQUos"
232,Thu Dec 17 14:30:59 +0000 2020,Jak dÅ‚ugo w #Polska bÄ™dÄ… rzÄ…dziÄ‡ nami tacy ludzie? Kwarantanna to ucieczka przed problemami a nie ich rozwiÄ…zywanie. #kwarantanna #rzad #COVID19
233,Thu Dec 17 14:30:35 +0000 2020,"PamiÄ™tajcie!
RozporzÄ…dzenie nie jest waÅ¼niejsze niÅ¼ Konstytucja RP.
Konstytucja deroguje rozporzÄ…dzenia RM! :)

#koronawirus #KwarantannaNarodowa #kwarantanna https://t.co/HwFCLuhAG0"
234,Thu Dec 17 14:30:14 +0000 2020,"#PILNEâ€¼ â€Twardy #lockdownâ€ â€“ powrÃ³t #kwarantanna â€“ w caÅ‚ej #Polska od 28 grudnia co najmniej do 17 stycznia â€“ ogÅ‚osiÅ‚ @a_niedzielski; szef @MZ_GOV_PL

W tym okresie zamkniÄ™te:
â–ª #hotele
â–ª #stokinarciarskie

1/2 https://t.co/TjbvesIr2j"
235,Thu Dec 17 14:30:10 +0000 2020,"#RzÄ…d wprowadza kwarantannÄ™ narodowÄ… na trzy tygodnie! W #sylwester zakaz przemieszczania. 

#Koronawirus #KoronawirusWPolsce #Kwarantanna #COVID19 #Zdrowie #Lubuskie #WiadomoÅ›ci

https://t.co/lgG4XIkiyU"
236,Thu Dec 17 14:28:03 +0000 2020,"W Sylwestra zakaz przemieszczania siÄ™ od 31 grudnia 2020 - od g. 19.00 - do 1 stycznia 2021; do g. 6.00 @a_niedzielski @MZ_GOV_PL 
#kwarantanna #sylwester https://t.co/ORSFUkQUos"
237,Thu Dec 17 14:26:27 +0000 2020,"Minister Zdrowia: Od 28 grudnia do 17 stycznia wprowadzamy kwarantanne narodowÄ…â—ï¸ğŸ‡µğŸ‡±
#COVID19 #kwarantanna"
238,Thu Dec 17 14:24:46 +0000 2020,"Zamykanie nas w domach ; spowoduje tylko zÅ‚oÅ›Ä‡ i agresjÄ™ wobec rzÄ…du.A komu to potrzebne ? 
NiektÃ³rzy i tak juÅ¼ wiszÄ… na wÅ‚osku ğŸ˜¶
#COVID19 #kwarantanna"
239,Thu Dec 17 14:22:57 +0000 2020,"Czyli co; skoro #kwarantanna; to zapraszam przed telewizory/komputery/smartfony do oglÄ…dania kanaÅ‚u #muzotok na #YouTube â¬‡ï¸
Tam do dyspozycji kilkaset wywiadÃ³w i relacji #live z bogatego archiwum ğŸ¥³"
240,Thu Dec 17 14:22:30 +0000 2020,"- Same apele to za maÅ‚o dlatego od 28 grudnia do 17 stycznia wprowadzamy â€¼ï¸kwarantannÄ™ narodowÄ…â€¼ï¸; zamykamy hotele; takÅ¼e na ruch sÅ‚uÅ¼bowy oraz stoki narciarskie - ogÅ‚osiÅ‚ w czwartek @MZ_GOV_PL   @a_niedzielski   #koronawirus #kwarantanna 
https://t.co/1c40mRNgNY"
241,Thu Dec 17 14:21:34 +0000 2020,WyglÄ…da na to; Å¼e w Sylwestra i Nowy Rok trzeba piÄ‡ od 19.00 do 7.00 #kwarantanna #kwarantannanarodowa #lockdown
242,Thu Dec 17 14:20:56 +0000 2020,"Od 28 grudnia rzÄ…d wprowadza kwarantannÄ™ narodowÄ…
https://t.co/6VHR7Gq7kn
#koronawirus #kwarantanna #covid #zdrowie #obostrzenia #pandemia #Å›wiÄ™tokrzyskie #radiokielce #sÅ‚uchasziwiesz #ministerstwozdrowia #kwarantannanarodowa"
243,Thu Dec 17 14:20:37 +0000 2020,"Minister @a_niedzielski : Od 28 grudnia do 17 stycznia kwarantanna narodowa; zamykamy galerie handlowe; stoki narciarskie i hotele; takÅ¼e dla ruchu sÅ‚uÅ¼bowego.
#kwarantanna #COVID19 #obostrzenia https://t.co/yP7T7V3Nj0"
244,Thu Dec 17 14:20:15 +0000 2020,"Minister @a_niedzielski : Od 28 grudnia do 17 stycznia kwarantanna narodowa; zamykamy galerie handlowe; stoki narciarskie i hotele; takÅ¼e dla ruchu sÅ‚uÅ¼bowego.
#kwarantanna #COVID19 #obostrzenia https://t.co/yP7T7V3Nj0"
245,Thu Dec 17 14:16:43 +0000 2020,"Minister Zdrowia: Od 28 grudnia do 17 stycznia wprowadzamy kwarantanne narodowÄ…â—ï¸ğŸ‡µğŸ‡±
#COVID19 #kwarantanna"
246,Thu Dec 17 14:15:13 +0000 2020,#kwarantanna WyglÄ…da na to; Å¼e znowu tak samo jak poprzednio zrobione z galeriami. Wszystko  dopiero od 28.12; czyli od tego weekendu do 27.12 dramat na ZAkopiance.
247,Thu Dec 17 14:12:14 +0000 2020,"Kwarantnna narodowa obowiÄ…zywaÄ‡ bÄ™dzie od 28 grudnia do 17 stycznia - zapowiedziaÅ‚ minister zdrowia @a_niedzielski. 

#zdrowie #koronawirus #COVID19 #COVID #kwarantanna #Polska @MZ_GOV_PL
https://t.co/zjDU463b59"
248,Thu Dec 17 14:11:55 +0000 2020,#kwarantanna Zamykamy wszystko; ale widzÄ™; Å¼e przedszkola dalej bÄ™dÄ… funkcjonowaÄ‡. JakoÅ› teÅ¼ tak cicho o zasiÅ‚kach dla rodzicÃ³w dzieci szkolnych w ferie.
249,Thu Dec 17 14:09:21 +0000 2020,"â—ï¸â—ï¸PILNE
Od 28 grudnia do 17 stycznia #kwarantanna narodowa. ZamkniÄ™te stoki narciarskie i galerie - mÃ³wi minister zdrowia Adam #Niedzielski

#koronawirus"
250,Thu Dec 17 10:35:05 +0000 2020,"SkoÅ„czyÅ‚a siÄ™ #kwarantanna dla zawodniczek @KSDevelopres. â¬‡ï¸
https://t.co/NM5WbrfXf6"
251,Thu Dec 17 10:12:08 +0000 2020,"DzieÅ„ dobry Polsko â¤ï¸
Witam all ğŸ˜˜

#kwarantanna dzieÅ„ 8 ğŸ¤£ğŸ¤£ https://t.co/py7d3tScp1"
252,Thu Dec 17 07:44:50 +0000 2020,W @jsw_sa odnotowano dziÅ› 3 nowe przypadki zaraÅ¼enia #koronawirus.em w #kopalnia #PniÃ³wek. Od poczÄ…tku epidemii zainfekowanych zostaÅ‚o 4571 pracownikÃ³w #JSW;  wyzdrowiaÅ‚o 4527 osÃ³b. Na #kwarantanna przebywa 108 osÃ³b.
253,Wed Dec 16 17:10:00 +0000 2020,"ObowiÄ…zkowa #kwarantanna w Niemczech zostaÅ‚a wprowadzona bez ram czasowych. Nie wiadomo; kiedy zostanie zniesiona.

https://t.co/kzvBInweZs?

#Niemcy #Polska #Corona"
254,Wed Dec 16 16:40:23 +0000 2020,"@DariuszMatecki @martalempart Bardzo to elegancko z Pana strony; ale @martalempart zachorowaÅ‚a na wÅ‚asne Å¼yczenie; to raz. 
Dwa - ta pani; nie nie stosujÄ…c siÄ™ do zaleceÅ„ lekarzy naraziÅ‚a na chorobÄ™ i utratÄ™ Å¼ycia wiele innych osÃ³b; nie mÃ³wiÄ…c o stratach finansowych z powodu #kwarantanna czy 
#lockdown"
255,Wed Dec 16 13:09:55 +0000 2020,"100 % zasiÅ‚ku chorobowego dla medykÃ³w i straÅ¼akÃ³w ochotnikÃ³w

#ZUS #zasiÅ‚ekchorobowy #kwarantanna #covid19 #medyk #straÅ¼akochotnik #KochamWieluÅ„ #pracownikmedyczny #wyÅ¼szyzasiÅ‚ek #podwyÅ¼szonyzasiÅ‚ek #wynagrodzeniechorobowe

https://t.co/VIv3Wdo2Gl"
256,Wed Dec 16 11:03:14 +0000 2020,@Carlito29853839 #kwarantanna dzieÅ„ 7 ğŸ˜†
257,Wed Dec 16 10:00:55 +0000 2020,"DzieÅ„ dobry Polsko â¤ï¸
Witam all ğŸ˜˜

#kwarantanna dzieÅ„ 7 ğŸ˜œ https://t.co/YMCMFhqbiO"
258,Wed Dec 16 10:00:08 +0000 2020,"DzieÅ„ dobry Polsko â¤ï¸
Witam all ğŸ˜˜

#kwarantanna dzieÅ„ 7 ğŸ˜œ https://t.co/YMCMFhqbiO"
259,Wed Dec 16 07:16:31 +0000 2020,W @jsw_sa odnotowano dziÅ› 4 nowe przypadki zaraÅ¼enia #koronawirus.em: 3 w #kopalnia #Budryk i 1 #JastrzÄ™bieBzie. Od poczÄ…tku #epidemia zainfekowanych zostaÅ‚o 4568 pracownikÃ³w spÃ³Å‚ki; wyzdrowiaÅ‚y 4524 osoby. Na #kwarantanna przebywa 100 osÃ³b.
260,Wed Dec 16 06:40:50 +0000 2020,"WewnÄ™trzne granice Niemiec sÄ… otwarte; ale po przyjeÅºdzie do DE trzeba liczyÄ‡ siÄ™ z 10-dniowÄ… kwarantannÄ… i surowymi obostrzeniami.

https://t.co/ZixXpSoYFi

#Niemcy #Corona #PodrÃ³Å¼ #Kwarantanna"
261,Tue Dec 15 19:45:32 +0000 2020,#kwarantanna dzieÅ„ 6 ğŸ™ˆğŸ˜œ https://t.co/emAdTaQtwu
262,Tue Dec 15 19:01:00 +0000 2020,"WewnÄ™trzne granice Niemiec sÄ… otwarte; ale po przyjeÅºdzie do DE trzeba liczyÄ‡ siÄ™ z 10-dniowÄ… kwarantannÄ… i surowymi obostrzeniami.

https://t.co/ZixXpSoYFi

#Niemcy #Corona #PodrÃ³Å¼ #Kwarantanna"
263,Tue Dec 15 14:42:26 +0000 2020,"Pytania #RPO @Adbodnar do @MZ_GOV_PL z cyklu #Kwarantanna i #Izolacja:
â— od kiedy do kiedy mamy siedzieÄ‡ w domu
â— co moÅ¼na zrobic; Å¼eby ten czas skrÃ³ciÄ‡
â— czy moÅ¼emy liczyÄ‡ na rekompensatÄ™ za pomyÅ‚kÄ™
â— kiedy grozi kara za wyjÅ›cie z domu przed terminem
https://t.co/fVJqbqESgx"
264,Tue Dec 15 14:06:52 +0000 2020,"Pytania #RPO @Adbodnar do @MZ_GOV_PL z cyklu #Kwarantanna i #Izolacja:
â— od kiedy do kiedy mamy siedzieÄ‡ w domu
â— co moÅ¼na zrobic; Å¼eby ten czas skrÃ³ciÄ‡
â— czy moÅ¼emy liczyÄ‡ na rekompensatÄ™ za pomyÅ‚kÄ™
â— kiedy grozi kara za wyjÅ›cie z domu przed terminem
https://t.co/fVJqbqESgx"
265,Tue Dec 15 11:01:40 +0000 2020,"Rzecznik Praw Obywatelskich @Adbodnar pisze do @MZ_GOV_PL @a_niedzielski w sprawie przepisÃ³w dotyczÄ…cych kwarantanny. WedÅ‚ug RPO te przepisy wciÄ…Å¼ nie sÄ… jasne.
#COVID19 #kwarantanna

https://t.co/cUphT2ccyQ"
266,Tue Dec 15 10:16:02 +0000 2020,"Akcja RYSZARD wstrzymana.
Wojska Terytorialne sprawdziÅ‚y i nie ma u mnie Å¼adnego Rysia. Uff.
#kwarantanna https://t.co/uvPkJtimq4"
267,Tue Dec 15 08:59:05 +0000 2020,W @jsw_sa odnotowano dziÅ› 4 nowe przypadki zaraÅ¼enia #koronawirus.em: 3 w #kopalnia #PniÃ³wek i 1 w #Ruch.u #Borynia. Od poczÄ…tku #epidemia zainfekowanych zostaÅ‚o 4564 pracownikÃ³w #JSW; wyzdrowiaÅ‚o 4513 osÃ³b. Na #kwarantanna przebywa 106 osÃ³b.
268,Tue Dec 15 08:59:05 +0000 2020,W @jsw_sa odnotowano dziÅ› 4 nowe przypadki zaraÅ¼enia #koronawirus.em: 3 w #kopalnia #PniÃ³wek i 1 w #Ruch.u #Borynia. Od poczÄ…tku #epidemia zainfekowanych zostaÅ‚o 4564 pracownikÃ³w #JSW; wyzdrowiaÅ‚o 4513 osÃ³b. Na #kwarantanna przebywa 106 osÃ³b.
269,Wed Dec 23 08:02:08 +0000 2020,W @jsw_sa odnotowano dziÅ› 2 nowe przypadki zaraÅ¼enia #koronawirus.em: 1 w #kopalnia #PniÃ³wek i 1 w #Ruch Borynia. Od poczÄ…tku #epidemia zainfekowanych zostaÅ‚o 4589 pracownikÃ³w #JSW; wyzdrowiaÅ‚o 4548 osÃ³b. Na #kwarantanna przebywa 75 osÃ³b.
270,Tue Dec 15 08:59:05 +0000 2020,W @jsw_sa odnotowano dziÅ› 4 nowe przypadki zaraÅ¼enia #koronawirus.em: 3 w #kopalnia #PniÃ³wek i 1 w #Ruch.u #Borynia. Od poczÄ…tku #epidemia zainfekowanych zostaÅ‚o 4564 pracownikÃ³w #JSW; wyzdrowiaÅ‚o 4513 osÃ³b. Na #kwarantanna przebywa 106 osÃ³b.
271,Wed Dec 23 05:44:45 +0000 2020,"MÃ³wiÄ™ koledze; Å¼e jak wrÃ³cÄ™ z Niemiec samolotem po 28.12 to czeka mnie 10 dni domowej kwarantanny. SÅ‚yszÄ™ taki tekst: 
- Nie martw siÄ™. Mandela w izolacji spÄ™dziÅ‚ 27 lat; z czego 18 na wyspie. Assange przebywaÅ‚ 7 lat w ambasadzie Ekwadoru. 
#kwarantanna"
272,Tue Dec 15 08:59:05 +0000 2020,W @jsw_sa odnotowano dziÅ› 4 nowe przypadki zaraÅ¼enia #koronawirus.em: 3 w #kopalnia #PniÃ³wek i 1 w #Ruch.u #Borynia. Od poczÄ…tku #epidemia zainfekowanych zostaÅ‚o 4564 pracownikÃ³w #JSW; wyzdrowiaÅ‚o 4513 osÃ³b. Na #kwarantanna przebywa 106 osÃ³b.
273,Tue Dec 22 23:26:25 +0000 2020,#kwarantanna dzieÅ„ 14 https://t.co/x4iXicA6Hp
274,Tue Dec 15 08:59:05 +0000 2020,W @jsw_sa odnotowano dziÅ› 4 nowe przypadki zaraÅ¼enia #koronawirus.em: 3 w #kopalnia #PniÃ³wek i 1 w #Ruch.u #Borynia. Od poczÄ…tku #epidemia zainfekowanych zostaÅ‚o 4564 pracownikÃ³w #JSW; wyzdrowiaÅ‚o 4513 osÃ³b. Na #kwarantanna przebywa 106 osÃ³b.
275,Tue Dec 22 23:25:18 +0000 2020,"W zwiÄ…zku z #kwarantanna oraz zbliÅ¼ajÄ…cymi siÄ™ Å›wiÄ™tami wydaÅ‚am dziÅ› #narodowerozporzÄ…dzenie â˜ï¸ skierowane do domownikÃ³w:
poniedziaÅ‚ek #narodowesprzÄ…tanie
wtorek #narodowewypieki
Å›roda #narodowegotowanie
czwartek #narodowespoÅ¼ywanie
NajwaÅ¼niejsza jest organizacja #narodowa ğŸ˜œ"
276,Tue Dec 15 08:59:05 +0000 2020,W @jsw_sa odnotowano dziÅ› 4 nowe przypadki zaraÅ¼enia #koronawirus.em: 3 w #kopalnia #PniÃ³wek i 1 w #Ruch.u #Borynia. Od poczÄ…tku #epidemia zainfekowanych zostaÅ‚o 4564 pracownikÃ³w #JSW; wyzdrowiaÅ‚o 4513 osÃ³b. Na #kwarantanna przebywa 106 osÃ³b.
277,Tue Dec 22 23:20:22 +0000 2020,@AgnieszkaO2GA Ta #kwarantanna oznacza Å¼e osoba jej poddana oraz domownicy nie mogÄ… przez okreÅ›lony czas opuszczaÄ‡ domu? Bo jakoÅ› tam siÄ™ juÅ¼ zgubiÅ‚em
278,Tue Dec 15 08:59:05 +0000 2020,W @jsw_sa odnotowano dziÅ› 4 nowe przypadki zaraÅ¼enia #koronawirus.em: 3 w #kopalnia #PniÃ³wek i 1 w #Ruch.u #Borynia. Od poczÄ…tku #epidemia zainfekowanych zostaÅ‚o 4564 pracownikÃ³w #JSW; wyzdrowiaÅ‚o 4513 osÃ³b. Na #kwarantanna przebywa 106 osÃ³b.
279,Tue Dec 22 23:07:38 +0000 2020,"#kwarantanna dzieÅ„ 13 nastÄ…piÅ‚ wÅ‚aÅ›nie
NauczyÅ‚am siÄ™ machaÄ‡ z okna jak krÃ³lowa angielska ğŸ™ˆ ğŸ˜†"
280,Tue Dec 15 08:59:05 +0000 2020,W @jsw_sa odnotowano dziÅ› 4 nowe przypadki zaraÅ¼enia #koronawirus.em: 3 w #kopalnia #PniÃ³wek i 1 w #Ruch.u #Borynia. Od poczÄ…tku #epidemia zainfekowanych zostaÅ‚o 4564 pracownikÃ³w #JSW; wyzdrowiaÅ‚o 4513 osÃ³b. Na #kwarantanna przebywa 106 osÃ³b.
281,Tue Dec 22 16:30:08 +0000 2020,#Pandemia zÂ kapustÄ… iÂ grzybami https://t.co/JClxkqvcSf I #2020 #BoÅ¼eNarodzenie #COVID #Kwarantanna #Rodzina #RytuaÅ‚ #ÅšwiÄ™ta #Wigilia https://t.co/aEfVGP3weK
282,Tue Dec 15 08:59:05 +0000 2020,W @jsw_sa odnotowano dziÅ› 4 nowe przypadki zaraÅ¼enia #koronawirus.em: 3 w #kopalnia #PniÃ³wek i 1 w #Ruch.u #Borynia. Od poczÄ…tku #epidemia zainfekowanych zostaÅ‚o 4564 pracownikÃ³w #JSW; wyzdrowiaÅ‚o 4513 osÃ³b. Na #kwarantanna przebywa 106 osÃ³b.
283,Tue Dec 22 15:49:11 +0000 2020,"UWAGAâ€¼
Bardzo waÅ¼ne oÅ›wiadczenie Polskiego Towarzystwa Psychiatrycznego... â¤µï¸ ğŸ¤£ğŸ¤£ğŸ¤£
#Covid #pandemia #kwarantanna https://t.co/nnD0dYiLgW"
284,Tue Dec 15 08:59:05 +0000 2020,W @jsw_sa odnotowano dziÅ› 4 nowe przypadki zaraÅ¼enia #koronawirus.em: 3 w #kopalnia #PniÃ³wek i 1 w #Ruch.u #Borynia. Od poczÄ…tku #epidemia zainfekowanych zostaÅ‚o 4564 pracownikÃ³w #JSW; wyzdrowiaÅ‚o 4513 osÃ³b. Na #kwarantanna przebywa 106 osÃ³b.
285,Tue Dec 22 15:28:39 +0000 2020,O tym co konkretnie oznaczaÄ‡ dla nas bÄ™dzie wprowadzana od 28 grudnia #kwarantannanarodowa informujÄ… dziÅ› na blogu #HaloPrawo nasi eksperci prawni ğŸ“âš–ï¸ğŸ‘‰https://t.co/ydCWJJdxCz #prawo #prawniknatelefon #przepisyprawa #poradyprawne #kwarantanna #obostrzenia #COVID19 #Sylwester https://t.co/XamsvZQ1Eu
286,Tue Dec 15 08:59:05 +0000 2020,W @jsw_sa odnotowano dziÅ› 4 nowe przypadki zaraÅ¼enia #koronawirus.em: 3 w #kopalnia #PniÃ³wek i 1 w #Ruch.u #Borynia. Od poczÄ…tku #epidemia zainfekowanych zostaÅ‚o 4564 pracownikÃ³w #JSW; wyzdrowiaÅ‚o 4513 osÃ³b. Na #kwarantanna przebywa 106 osÃ³b.
